{"time": 20.005082368850708, "train_loss_per_epoch": 3.578503500258583e-06, "val_loss_per_epoch": 0.00039388996859391533, "train_loss_per_time": 3.578503500258583e-06, "val_loss_per_time": 0.00039388996859391533, "train_accuracy_per_epoch": 0.9972223043441772, "val_accuracy_per_epoch": 0.7987820506095886, "train_accuracy_per_time": 0.9972223043441772, "val_accuracy_per_time": 0.7987820506095886, "_timestamp": 1708113862.3289528, "_runtime": 23.64291477203369, "_step": 52, "num_epochs": 508, "test_loss": 0.00015657022595405579, "test_accuracy": 0.9230519533157349, "_wandb": {"runtime": 20}}