{"time": 20.01093602180481, "train_loss_per_epoch": 1.1939896629493368e-08, "val_loss_per_epoch": 0.00018578703204790752, "train_loss_per_time": 1.1939896629493368e-08, "val_loss_per_time": 0.00018578703204790752, "train_accuracy_per_epoch": 1.0000001192092896, "val_accuracy_per_epoch": 0.9019048810005188, "train_accuracy_per_time": 1.0000001192092896, "val_accuracy_per_time": 0.9019048810005188, "_timestamp": 1708111445.3958714, "_runtime": 22.8897864818573, "_step": 129, "num_epochs": 1271, "test_loss": 0.00040582810839017233, "test_accuracy": 0.8453103303909302, "_wandb": {"runtime": 20}}