{"time": 20.054399728775024, "train_loss_per_epoch": 6.922240759844758e-06, "val_loss_per_epoch": 0.00033483351270357766, "train_loss_per_time": 6.922240759844758e-06, "val_loss_per_time": 0.00033483351270357766, "train_accuracy_per_epoch": 0.9984376430511475, "val_accuracy_per_epoch": 0.7867460250854492, "train_accuracy_per_time": 0.9984376430511475, "val_accuracy_per_time": 0.7867460250854492, "_timestamp": 1708113593.4524062, "_runtime": 23.117098093032837, "_step": 22, "num_epochs": 205, "test_loss": 0.0004122368743022283, "test_accuracy": 0.7189285159111023, "_wandb": {"runtime": 20}}