{"time": 60.00064516067505, "train_loss_per_epoch": 8.660427788527158e-06, "val_loss_per_epoch": 0.00047746623555819194, "train_loss_per_time": 8.660427788527158e-06, "val_loss_per_time": 0.00047746623555819194, "train_accuracy_per_epoch": 0.9959936738014221, "val_accuracy_per_epoch": 0.7779762148857117, "train_accuracy_per_time": 0.9959936738014221, "val_accuracy_per_time": 0.7779762148857117, "_timestamp": 1707844572.512951, "_runtime": 62.67294883728027, "_step": 198, "num_epochs": 1969, "test_loss": 0.00045266389846801755, "test_accuracy": 0.7528235912322998, "_wandb": {"runtime": 60}}