{"time": 20.024389266967773, "train_loss_per_epoch": 3.5171505935847693e-06, "val_loss_per_epoch": 0.0003363219648599625, "train_loss_per_time": 3.5171505935847693e-06, "val_loss_per_time": 0.0003363219648599625, "train_accuracy_per_epoch": 0.9972223043441772, "val_accuracy_per_epoch": 0.8103498816490173, "train_accuracy_per_time": 0.9972223043441772, "val_accuracy_per_time": 0.8103498816490173, "_timestamp": 1708143386.9283142, "_runtime": 22.54766321182251, "_step": 68, "num_epochs": 665, "test_loss": 0.00032724094887574514, "test_accuracy": 0.825194776058197, "_wandb": {"runtime": 20}}