{"time": 20.204080820083618, "train_loss_per_epoch": 0.0004058746887104852, "val_loss_per_epoch": 0.010745026667912801, "train_loss_per_time": 0.0004058746887104852, "val_loss_per_time": 0.010745026667912801, "train_accuracy_per_epoch": 0.9742425084114075, "val_accuracy_per_epoch": 0.1666666716337204, "train_accuracy_per_time": 0.9742425084114075, "val_accuracy_per_time": 0.1666666716337204, "_timestamp": 1708205458.967507, "_runtime": 23.364211797714233, "_step": 13, "num_epochs": 114, "test_loss": 0.00959871510664622, "test_accuracy": 0.0, "_wandb": {"runtime": 20}}