{"time": 20.028282403945923, "train_loss_per_epoch": 0.00017575651141149657, "val_loss_per_epoch": 0.001020741065343221, "train_loss_per_time": 0.00017575651141149657, "val_loss_per_time": 0.001020741065343221, "train_accuracy_per_epoch": 0.8562626838684082, "val_accuracy_per_epoch": 0.506969690322876, "train_accuracy_per_time": 0.8562626838684082, "val_accuracy_per_time": 0.506969690322876, "_timestamp": 1708115557.8402286, "_runtime": 23.44381356239319, "_step": 30, "num_epochs": 281, "test_loss": 0.0007746476431687673, "test_accuracy": 0.5824206471443176, "_wandb": {"runtime": 20}}