{"time": 20.022202014923096, "train_loss_per_epoch": 4.7157246486416885e-05, "val_loss_per_epoch": 0.0006457778811454773, "train_loss_per_time": 4.7157246486416885e-05, "val_loss_per_time": 0.0006457778811454773, "train_accuracy_per_epoch": 0.9776510000228882, "val_accuracy_per_epoch": 0.7216666340827942, "train_accuracy_per_time": 0.9776510000228882, "val_accuracy_per_time": 0.7216666340827942, "_timestamp": 1708115988.3844607, "_runtime": 22.64899468421936, "_step": 74, "num_epochs": 722, "test_loss": 0.0005924225350220999, "test_accuracy": 0.7165620923042297, "_wandb": {"runtime": 20}}