{"time": 20.0100736618042, "train_loss_per_epoch": 0.0003693440716181483, "val_loss_per_epoch": 0.000967629353205363, "train_loss_per_time": 0.0003693440716181483, "val_loss_per_time": 0.000967629353205363, "train_accuracy_per_epoch": 0.7673841118812561, "val_accuracy_per_epoch": 0.518412709236145, "train_accuracy_per_time": 0.7673841118812561, "val_accuracy_per_time": 0.518412709236145, "_timestamp": 1708110150.9375799, "_runtime": 22.829097986221313, "_step": 127, "num_epochs": 1260, "test_loss": 0.0010186650355656942, "test_accuracy": 0.44535714387893677, "_wandb": {"runtime": 20}}