{"test_loss": 0.06280220299959183, "_timestamp": 1706726762.7404838, "_runtime": 3.074925661087036, "_step": 0, "_wandb": {"runtime": 0}}