{"time": 20.06475806236267, "train_loss_per_epoch": 7.954834873089566e-06, "val_loss_per_epoch": 0.0004070816437403361, "train_loss_per_time": 7.954834873089566e-06, "val_loss_per_time": 0.0004070816437403361, "train_accuracy_per_epoch": 0.9914287328720093, "val_accuracy_per_epoch": 0.7809523344039917, "train_accuracy_per_time": 0.9914287328720093, "val_accuracy_per_time": 0.7809523344039917, "_timestamp": 1708111506.1533337, "_runtime": 23.01078176498413, "_step": 23, "num_epochs": 215, "test_loss": 0.0003753671298424403, "test_accuracy": 0.8278499841690063, "_wandb": {"runtime": 20}}