{"time": 20.00361156463623, "train_loss_per_epoch": 1.8593615386635065e-05, "val_loss_per_epoch": 0.0007443309823671976, "train_loss_per_time": 1.8593615386635065e-05, "val_loss_per_time": 0.0007443309823671976, "train_accuracy_per_epoch": 0.9880051016807556, "val_accuracy_per_epoch": 0.6619445085525513, "train_accuracy_per_time": 0.9880051016807556, "val_accuracy_per_time": 0.6619445085525513, "_timestamp": 1708189281.6749656, "_runtime": 22.543115615844727, "_step": 155, "num_epochs": 1534, "test_loss": 0.0005886343121528626, "test_accuracy": 0.7041270732879639, "_wandb": {"runtime": 20}}