{"time": 60.00940465927124, "train_loss_per_epoch": 1.70215611358669e-05, "val_loss_per_epoch": 0.00028722462554772694, "train_loss_per_time": 1.70215611358669e-05, "val_loss_per_time": 0.00028722462554772694, "train_accuracy_per_epoch": 0.9880259037017822, "val_accuracy_per_epoch": 0.8673810362815857, "train_accuracy_per_time": 0.9880259037017822, "val_accuracy_per_time": 0.8673810362815857, "_timestamp": 1707844144.7266736, "_runtime": 64.90630865097046, "_step": 256, "num_epochs": 2543, "test_loss": 0.0003866784026225408, "test_accuracy": 0.8021824955940247, "_wandb": {"runtime": 60}}