{"time": 20.08168315887451, "train_loss_per_epoch": 0.0002921590262225696, "val_loss_per_epoch": 0.0007977458834648132, "train_loss_per_time": 0.0002921590262225696, "val_loss_per_time": 0.0007977458834648132, "train_accuracy_per_epoch": 0.8495565056800842, "val_accuracy_per_epoch": 0.5687301754951477, "train_accuracy_per_time": 0.8495565056800842, "val_accuracy_per_time": 0.5687301754951477, "_timestamp": 1708101443.5953648, "_runtime": 22.972323894500732, "_step": 20, "num_epochs": 188, "test_loss": 0.000639489342768987, "test_accuracy": 0.6736868619918823, "_wandb": {"runtime": 20}}