{"time": 20.005589962005615, "train_loss_per_epoch": 0.00010642828353281531, "val_loss_per_epoch": 0.0006176534791787465, "train_loss_per_time": 0.00010642828353281531, "val_loss_per_time": 0.0006176534791787465, "train_accuracy_per_epoch": 0.9487705230712891, "val_accuracy_per_epoch": 0.6690598130226135, "train_accuracy_per_time": 0.9487705230712891, "val_accuracy_per_time": 0.6690598130226135, "_timestamp": 1708113766.432491, "_runtime": 22.355633020401, "_step": 31, "num_epochs": 297, "test_loss": 0.00046887944142023723, "test_accuracy": 0.7507035136222839, "_wandb": {"runtime": 20}}