{"time": 20.07194423675537, "train_loss_per_epoch": 5.836532561391193e-06, "val_loss_per_epoch": 0.00045905595024426775, "train_loss_per_time": 5.836532561391193e-06, "val_loss_per_time": 0.00045905595024426775, "train_accuracy_per_epoch": 0.9964286088943481, "val_accuracy_per_epoch": 0.7568681836128235, "train_accuracy_per_time": 0.9964286088943481, "val_accuracy_per_time": 0.7568681836128235, "_timestamp": 1708144739.7331333, "_runtime": 23.072123289108276, "_step": 23, "num_epochs": 211, "test_loss": 0.00036274420718352, "test_accuracy": 0.8100324869155884, "_wandb": {"runtime": 20}}