{"time": 20.027488946914673, "train_loss_per_epoch": 0.0010285712352820805, "val_loss_per_epoch": 0.0012000000476837158, "train_loss_per_time": 0.0010285712352820805, "val_loss_per_time": 0.0012000000476837158, "train_accuracy_per_epoch": 0.10000000149011612, "val_accuracy_per_epoch": 0.10000000149011612, "train_accuracy_per_time": 0.10000000149011612, "val_accuracy_per_time": 0.10000000149011612, "_timestamp": 1708191156.3848667, "_runtime": 22.041732788085938, "_step": 55, "num_epochs": 531, "test_loss": 0.0011999998490015665, "test_accuracy": 0.10000000149011612, "_wandb": {"runtime": 20}}