{"time": 20.050470113754272, "train_loss_per_epoch": 0.0002004872156041009, "val_loss_per_epoch": 0.0008572198947270712, "train_loss_per_time": 0.0002004872156041009, "val_loss_per_time": 0.0008572198947270712, "train_accuracy_per_epoch": 0.9262527823448181, "val_accuracy_per_epoch": 0.5164071917533875, "train_accuracy_per_time": 0.9262527823448181, "val_accuracy_per_time": 0.5164071917533875, "_timestamp": 1708142754.5945299, "_runtime": 24.005505800247192, "_step": 26, "num_epochs": 242, "test_loss": 0.0011209096511205037, "test_accuracy": 0.4285605847835541, "_wandb": {"runtime": 20}}