{"time": 20.013184070587158, "train_loss_per_epoch": 0.000718474526490484, "val_loss_per_epoch": 0.0009239410360654195, "train_loss_per_time": 0.000718474526490484, "val_loss_per_time": 0.0009239410360654195, "train_accuracy_per_epoch": 0.20000000298023224, "val_accuracy_per_epoch": 0.20000000298023224, "train_accuracy_per_time": 0.20000000298023224, "val_accuracy_per_time": 0.20000000298023224, "_timestamp": 1708115267.0889645, "_runtime": 22.588700532913208, "_step": 65, "num_epochs": 636, "test_loss": 0.0010559933384259542, "test_accuracy": 0.20000000298023224, "_wandb": {"runtime": 20}}