{"time": 20.040817737579346, "train_loss_per_epoch": 5.16071988801871e-05, "val_loss_per_epoch": 0.00046708598732948304, "train_loss_per_time": 5.16071988801871e-05, "val_loss_per_time": 0.00046708598732948304, "train_accuracy_per_epoch": 0.9687155485153198, "val_accuracy_per_epoch": 0.7275757193565369, "train_accuracy_per_time": 0.9687155485153198, "val_accuracy_per_time": 0.7275757193565369, "_timestamp": 1708112508.8783243, "_runtime": 22.167007207870483, "_step": 29, "num_epochs": 274, "test_loss": 0.0003077814728021622, "test_accuracy": 0.8234127163887024, "_wandb": {"runtime": 20}}