{"time": 295.71989727020264, "train_loss_per_epoch": 1.444435071009918e-05, "val_loss_per_epoch": 3.3122787872950235e-06, "train_loss_vs_time": 1.444435071009918e-05, "val_loss_vs_time": 3.3122787872950235e-06, "_timestamp": 1707015431.395331, "_runtime": 302.679310798645, "_step": 61, "test_loss": 0.0002982911467552185, "num_parameters": 124710, "_wandb": {"runtime": 300}}