{"time": 20.114041805267334, "train_loss_per_epoch": 0.00012119695278150695, "val_loss_per_epoch": 0.0010483465592066447, "train_loss_per_time": 0.00012119695278150695, "val_loss_per_time": 0.0010483465592066447, "train_accuracy_per_epoch": 0.9655907154083252, "val_accuracy_per_epoch": 0.5685858726501465, "train_accuracy_per_time": 0.9655907154083252, "val_accuracy_per_time": 0.5685858726501465, "_timestamp": 1708145037.149901, "_runtime": 23.023826837539673, "_step": 21, "num_epochs": 191, "test_loss": 0.0007772962252298991, "test_accuracy": 0.5462820529937744, "_wandb": {"runtime": 20}}