{"time": 20.014936208724976, "train_loss_per_epoch": 3.907917100670082e-05, "val_loss_per_epoch": 0.0006297234197457631, "train_loss_per_time": 3.907917100670082e-05, "val_loss_per_time": 0.0006297234197457631, "train_accuracy_per_epoch": 0.9830448031425476, "val_accuracy_per_epoch": 0.6157792210578918, "train_accuracy_per_time": 0.9830448031425476, "val_accuracy_per_time": 0.6157792210578918, "_timestamp": 1708110593.1349726, "_runtime": 22.631069660186768, "_step": 26, "num_epochs": 250, "test_loss": 0.0007292728622754415, "test_accuracy": 0.6674928069114685, "_wandb": {"runtime": 20}}