{"time": 20.059239625930786, "train_loss_per_epoch": 3.171193413436413e-05, "val_loss_per_epoch": 0.0004389175275961558, "train_loss_per_time": 3.171193413436413e-05, "val_loss_per_time": 0.0004389175275961558, "train_accuracy_per_epoch": 0.9939286708831787, "val_accuracy_per_epoch": 0.753928542137146, "train_accuracy_per_time": 0.9939286708831787, "val_accuracy_per_time": 0.753928542137146, "_timestamp": 1708112030.8225386, "_runtime": 23.527678728103638, "_step": 23, "num_epochs": 212, "test_loss": 0.00028690479695796966, "test_accuracy": 0.8484848737716675, "_wandb": {"runtime": 20}}