{"time": 20.021284341812134, "train_loss_per_epoch": 4.016740183163035e-05, "val_loss_per_epoch": 0.0008029226958751679, "train_loss_per_time": 4.016740183163035e-05, "val_loss_per_time": 0.0008029226958751679, "train_accuracy_per_epoch": 0.978044867515564, "val_accuracy_per_epoch": 0.6308116912841797, "train_accuracy_per_time": 0.978044867515564, "val_accuracy_per_time": 0.6308116912841797, "_timestamp": 1708111237.6577451, "_runtime": 23.02411723136902, "_step": 47, "num_epochs": 456, "test_loss": 0.0007809756199518839, "test_accuracy": 0.6294408440589905, "_wandb": {"runtime": 20}}