{"time": 20.00481343269348, "train_loss_per_epoch": 3.468441336216139e-05, "val_loss_per_epoch": 0.0006942554314931234, "train_loss_per_time": 3.468441336216139e-05, "val_loss_per_time": 0.0006942554314931234, "train_accuracy_per_epoch": 0.9799370765686035, "val_accuracy_per_epoch": 0.6990800499916077, "train_accuracy_per_time": 0.9799370765686035, "val_accuracy_per_time": 0.6990800499916077, "_timestamp": 1707848206.3320444, "_runtime": 23.027701377868652, "_step": 108, "num_epochs": 1068, "test_loss": 0.0006829121708869934, "test_accuracy": 0.6646248698234558, "_wandb": {"runtime": 20}}