{"time": 60.00744581222534, "train_loss_per_epoch": 7.006170635820906e-06, "val_loss_per_epoch": 0.0005818483233451843, "train_loss_per_time": 7.006170635820906e-06, "val_loss_per_time": 0.0005818483233451843, "train_accuracy_per_epoch": 0.9950001239776611, "val_accuracy_per_epoch": 0.7635715007781982, "train_accuracy_per_time": 0.9950001239776611, "val_accuracy_per_time": 0.7635715007781982, "_timestamp": 1707844426.1208498, "_runtime": 62.78347992897034, "_step": 490, "num_epochs": 4889, "test_loss": 0.0004688239097595215, "test_accuracy": 0.7681013345718384, "_wandb": {"runtime": 60}}