{"time": 20.014280319213867, "train_loss_per_epoch": 0.000521685928106308, "val_loss_per_epoch": 0.0008104012906551361, "train_loss_per_time": 0.000521685928106308, "val_loss_per_time": 0.0008104012906551361, "train_accuracy_per_epoch": 0.6449103951454163, "val_accuracy_per_epoch": 0.49710676074028015, "train_accuracy_per_time": 0.6449103951454163, "val_accuracy_per_time": 0.49710676074028015, "_timestamp": 1708116225.9068341, "_runtime": 21.743274211883545, "_step": 48, "num_epochs": 468, "test_loss": 0.0008167257408301036, "test_accuracy": 0.4893650710582733, "_wandb": {"runtime": 20}}