{"time": 20.00563359260559, "train_loss_per_epoch": 0.0007619684295994895, "val_loss_per_epoch": 0.0013443233569463094, "train_loss_per_time": 0.0007619684295994895, "val_loss_per_time": 0.0013443233569463094, "train_accuracy_per_epoch": 0.20000000298023224, "val_accuracy_per_epoch": 0.17142857611179352, "train_accuracy_per_time": 0.20000000298023224, "val_accuracy_per_time": 0.17142857611179352, "_timestamp": 1708190162.773925, "_runtime": 22.615255117416382, "_step": 171, "num_epochs": 1700, "test_loss": 0.0012149096528689066, "test_accuracy": 0.1899999976158142, "_wandb": {"runtime": 20}}