{"time": 20.00773286819458, "train_loss_per_epoch": 5.1633381018681184e-05, "val_loss_per_epoch": 0.0006904117266337077, "train_loss_per_time": 5.1633381018681184e-05, "val_loss_per_time": 0.0006904117266337077, "train_accuracy_per_epoch": 0.9618623852729797, "val_accuracy_per_epoch": 0.664932906627655, "train_accuracy_per_time": 0.9618623852729797, "val_accuracy_per_time": 0.664932906627655, "_timestamp": 1708115880.5353138, "_runtime": 22.85484290122986, "_step": 58, "num_epochs": 564, "test_loss": 0.0007922166585922242, "test_accuracy": 0.6342064142227173, "_wandb": {"runtime": 20}}