{"time": 20.029109239578247, "train_loss_per_epoch": 0.0006885442989213126, "val_loss_per_epoch": 0.0008742520213127136, "train_loss_per_time": 0.0006885442989213126, "val_loss_per_time": 0.0008742520213127136, "train_accuracy_per_epoch": 0.3660462498664856, "val_accuracy_per_epoch": 0.3757142722606659, "train_accuracy_per_time": 0.3660462498664856, "val_accuracy_per_time": 0.3757142722606659, "_timestamp": 1708110383.399414, "_runtime": 22.31702709197998, "_step": 47, "num_epochs": 452, "test_loss": 0.0008810188372929891, "test_accuracy": 0.3232323229312897, "_wandb": {"runtime": 20}}