{"time": 20.03721332550049, "train_loss_per_epoch": 1.0541177886937346e-05, "val_loss_per_epoch": 0.00036447661618391674, "train_loss_per_time": 1.0541177886937346e-05, "val_loss_per_time": 0.00036447661618391674, "train_accuracy_per_epoch": 1.0000001192092896, "val_accuracy_per_epoch": 0.8207070827484131, "train_accuracy_per_time": 1.0000001192092896, "val_accuracy_per_time": 0.8207070827484131, "_timestamp": 1708114197.73196, "_runtime": 23.27709698677063, "_step": 22, "num_epochs": 203, "test_loss": 0.00040616244077682493, "test_accuracy": 0.749393880367279, "_wandb": {"runtime": 20}}