{"time": 20.016196489334106, "train_loss_per_epoch": 9.00506550845291e-05, "val_loss_per_epoch": 0.0015418453017870585, "train_loss_per_time": 9.00506550845291e-05, "val_loss_per_time": 0.0015418453017870585, "train_accuracy_per_epoch": 0.9415665864944458, "val_accuracy_per_epoch": 0.3638744354248047, "train_accuracy_per_time": 0.9415665864944458, "val_accuracy_per_time": 0.3638744354248047, "_timestamp": 1708112405.0570755, "_runtime": 23.068456411361694, "_step": 124, "num_epochs": 1229, "test_loss": 0.0010940698782602946, "test_accuracy": 0.48064571619033813, "_wandb": {"runtime": 20}}