{"time": 20.026116132736206, "train_loss_per_epoch": 2.39615718393387e-07, "val_loss_per_epoch": 0.00031600239376227063, "train_loss_per_time": 2.39615718393387e-07, "val_loss_per_time": 0.00031600239376227063, "train_accuracy_per_epoch": 1.0000001192092896, "val_accuracy_per_epoch": 0.8435714840888977, "train_accuracy_per_time": 1.0000001192092896, "val_accuracy_per_time": 0.8435714840888977, "_timestamp": 1708111993.8890648, "_runtime": 24.253370761871338, "_step": 43, "num_epochs": 420, "test_loss": 0.00025285457571347554, "test_accuracy": 0.8473737835884094, "_wandb": {"runtime": 20}}