{"time": 20.193233489990234, "train_loss_per_epoch": 3.462471167689988e-05, "val_loss_per_epoch": 0.00033247982462247214, "train_loss_per_time": 3.462471167689988e-05, "val_loss_per_time": 0.00033247982462247214, "train_accuracy_per_epoch": 0.9848107099533081, "val_accuracy_per_epoch": 0.7937820553779602, "train_accuracy_per_time": 0.9848107099533081, "val_accuracy_per_time": 0.7937820553779602, "_timestamp": 1708145868.4962387, "_runtime": 24.00800061225891, "_step": 12, "num_epochs": 108, "test_loss": 0.0004272058109442393, "test_accuracy": 0.7460317611694336, "_wandb": {"runtime": 20}}