{"time": 319.29539036750793, "train_loss_per_epoch": 0.0009025656155177525, "val_loss_per_epoch": 0.0009626295665899913, "train_loss_per_time": 0.0009025656155177525, "val_loss_per_time": 0.0009626295665899913, "train_accuracy_per_epoch": 0.1065327376127243, "val_accuracy_per_epoch": 0.09389831870794296, "train_accuracy_per_time": 0.1065327376127243, "val_accuracy_per_time": 0.09389831870794296, "_timestamp": 1711986891.2921455, "_runtime": 323.22709250450134, "_step": 3, "num_epochs": 13, "test_loss": 0.0009623016615708669, "test_accuracy": 0.09152381867170334, "_wandb": {"runtime": 320}}