{"time": 20.089794635772705, "train_loss_per_epoch": 0.00018726646634084838, "val_loss_per_epoch": 0.0003748104472955068, "train_loss_per_time": 0.00018726646634084838, "val_loss_per_time": 0.0003748104472955068, "train_accuracy_per_epoch": 0.9339103102684021, "val_accuracy_per_epoch": 0.8101398944854736, "train_accuracy_per_time": 0.9339103102684021, "val_accuracy_per_time": 0.8101398944854736, "_timestamp": 1708114398.6293101, "_runtime": 22.59162211418152, "_step": 10, "num_epochs": 87, "test_loss": 0.00042340998848279315, "test_accuracy": 0.8391666412353516, "_wandb": {"runtime": 20}}