{"time": 20.030967712402344, "train_loss_per_epoch": 7.562591162111078e-05, "val_loss_per_epoch": 0.0007183887561162313, "train_loss_per_time": 7.562591162111078e-05, "val_loss_per_time": 0.0007183887561162313, "train_accuracy_per_epoch": 0.9573003649711609, "val_accuracy_per_epoch": 0.6650000214576721, "train_accuracy_per_time": 0.9573003649711609, "val_accuracy_per_time": 0.6650000214576721, "_timestamp": 1708190813.048342, "_runtime": 23.215676069259644, "_step": 57, "num_epochs": 552, "test_loss": 0.0009360174338022868, "test_accuracy": 0.6061508059501648, "_wandb": {"runtime": 20}}