{"time": 20.086559295654297, "train_loss_per_epoch": 3.469925872715456e-05, "val_loss_per_epoch": 0.0006260864933331807, "train_loss_per_time": 3.469925872715456e-05, "val_loss_per_time": 0.0006260864933331807, "train_accuracy_per_epoch": 0.9776389598846436, "val_accuracy_per_epoch": 0.6556349396705627, "train_accuracy_per_time": 0.9776389598846436, "val_accuracy_per_time": 0.6556349396705627, "_timestamp": 1708191993.786773, "_runtime": 22.582797050476074, "_step": 21, "num_epochs": 194, "test_loss": 0.0005479091902573903, "test_accuracy": 0.7428632378578186, "_wandb": {"runtime": 20}}