{"time": 20.459110736846924, "train_loss_per_epoch": 0.0009019751633916582, "val_loss_per_epoch": 0.0012206438680489858, "train_loss_per_time": 0.0009019751633916582, "val_loss_per_time": 0.0012206438680489858, "train_accuracy_per_epoch": 0.14682017266750336, "val_accuracy_per_epoch": 0.10987450182437897, "train_accuracy_per_time": 0.14682017266750336, "val_accuracy_per_time": 0.10987450182437897, "_timestamp": 1708206336.0871987, "_runtime": 23.510657787322998, "_step": 3, "num_epochs": 11, "test_loss": 0.0012205798427263896, "test_accuracy": 0.10130952298641205, "_wandb": {"runtime": 20}}