{"time": 20.084829330444336, "train_loss_per_epoch": 1.3659867441414722e-06, "val_loss_per_epoch": 0.0005771133303642273, "train_loss_per_time": 1.3659867441414722e-06, "val_loss_per_time": 0.0005771133303642273, "train_accuracy_per_epoch": 1.0000001192092896, "val_accuracy_per_epoch": 0.6822802424430847, "train_accuracy_per_time": 1.0000001192092896, "val_accuracy_per_time": 0.6822802424430847, "_timestamp": 1708189599.9138243, "_runtime": 23.535783290863037, "_step": 25, "num_epochs": 236, "test_loss": 0.00038327703873316447, "test_accuracy": 0.7817521095275879, "_wandb": {"runtime": 20}}