{"time": 20.0075466632843, "train_loss_per_epoch": 3.3325367673699345e-05, "val_loss_per_epoch": 0.0005473703642686208, "train_loss_per_time": 3.3325367673699345e-05, "val_loss_per_time": 0.0005473703642686208, "train_accuracy_per_epoch": 0.9801502227783203, "val_accuracy_per_epoch": 0.740674614906311, "train_accuracy_per_time": 0.9801502227783203, "val_accuracy_per_time": 0.740674614906311, "_timestamp": 1708117611.9792733, "_runtime": 22.517282247543335, "_step": 174, "num_epochs": 1728, "test_loss": 0.0005875671406586965, "test_accuracy": 0.7424206137657166, "_wandb": {"runtime": 20}}