{"time": 20.008886337280273, "train_loss_per_epoch": 0.0004605765002114432, "val_loss_per_epoch": 0.0008288066089153289, "train_loss_per_time": 0.0004605765002114432, "val_loss_per_time": 0.0008288066089153289, "train_accuracy_per_epoch": 0.6814460754394531, "val_accuracy_per_epoch": 0.45820799469947815, "train_accuracy_per_time": 0.6814460754394531, "val_accuracy_per_time": 0.45820799469947815, "_timestamp": 1708116526.4634352, "_runtime": 21.789973258972168, "_step": 42, "num_epochs": 409, "test_loss": 0.0008695542812347413, "test_accuracy": 0.49666666984558105, "_wandb": {"runtime": 20}}