{"time": 20.01187753677368, "train_loss_per_epoch": 3.2725754635976045e-06, "val_loss_per_epoch": 0.0006036296983559927, "train_loss_per_time": 3.2725754635976045e-06, "val_loss_per_time": 0.0006036296983559927, "train_accuracy_per_epoch": 0.9968750476837158, "val_accuracy_per_epoch": 0.7289393544197083, "train_accuracy_per_time": 0.9968750476837158, "val_accuracy_per_time": 0.7289393544197083, "_timestamp": 1708116386.3241663, "_runtime": 22.734760284423828, "_step": 144, "num_epochs": 1427, "test_loss": 0.00038518076141675316, "test_accuracy": 0.8098809719085693, "_wandb": {"runtime": 20}}