{"time": 20.0188729763031, "train_loss_per_epoch": 8.051747759704345e-06, "val_loss_per_epoch": 0.0003408939391374588, "train_loss_per_time": 8.051747759704345e-06, "val_loss_per_time": 0.0003408939391374588, "train_accuracy_per_epoch": 0.9946429133415222, "val_accuracy_per_epoch": 0.8555952310562134, "train_accuracy_per_time": 0.9946429133415222, "val_accuracy_per_time": 0.8555952310562134, "_timestamp": 1708101412.8049204, "_runtime": 23.023754358291626, "_step": 51, "num_epochs": 500, "test_loss": 0.0003700653463602066, "test_accuracy": 0.7855555415153503, "_wandb": {"runtime": 20}}