{"num_epochs": 0, "time": 650.9149322509766, "_timestamp": 1711985988.1506863, "_runtime": 700.8760793209076, "_step": 1, "test_loss": 0.000960030347108841, "test_accuracy": 0.10555150359869003, "_wandb": {"runtime": 697}}