{"time": 20.08440136909485, "train_loss_per_epoch": 9.313976500249866e-06, "val_loss_per_epoch": 0.00043251330653826394, "train_loss_per_time": 9.313976500249866e-06, "val_loss_per_time": 0.00043251330653826394, "train_accuracy_per_epoch": 0.9950001239776611, "val_accuracy_per_epoch": 0.7573232650756836, "train_accuracy_per_time": 0.9950001239776611, "val_accuracy_per_time": 0.7573232650756836, "_timestamp": 1708144328.5928805, "_runtime": 23.124749422073364, "_step": 21, "num_epochs": 197, "test_loss": 0.0004220085839430491, "test_accuracy": 0.7735245823860168, "_wandb": {"runtime": 20}}