{"time": 20.01442551612854, "train_loss_per_epoch": 0.0009671930755887712, "val_loss_per_epoch": 0.001108989914258321, "train_loss_per_time": 0.0009671930755887712, "val_loss_per_time": 0.001108989914258321, "train_accuracy_per_epoch": 0.21038787066936493, "val_accuracy_per_epoch": 0.2172619104385376, "train_accuracy_per_time": 0.21038787066936493, "val_accuracy_per_time": 0.2172619104385376, "_timestamp": 1708191216.0602918, "_runtime": 22.54318380355835, "_step": 146, "num_epochs": 1442, "test_loss": 0.0011414785186449686, "test_accuracy": 0.22285714745521545, "_wandb": {"runtime": 20}}