{"time": 20.001120567321777, "train_loss_per_epoch": 0.0006845998444727489, "val_loss_per_epoch": 0.0010113340616226196, "train_loss_per_time": 0.0006845998444727489, "val_loss_per_time": 0.0010113340616226196, "train_accuracy_per_epoch": 0.20000000298023224, "val_accuracy_per_epoch": 0.1875, "train_accuracy_per_time": 0.20000000298023224, "val_accuracy_per_time": 0.1875, "_timestamp": 1708113657.4261546, "_runtime": 23.291351556777954, "_step": 126, "num_epochs": 1243, "test_loss": 0.0009859649340311686, "test_accuracy": 0.20000000298023224, "_wandb": {"runtime": 20}}