{"time": 20.06954002380371, "train_loss_per_epoch": 0.00017778778980885232, "val_loss_per_epoch": 0.0003333095957835515, "train_loss_per_time": 0.00017778778980885232, "val_loss_per_time": 0.0003333095957835515, "train_accuracy_per_epoch": 0.936709463596344, "val_accuracy_per_epoch": 0.9017460346221924, "train_accuracy_per_time": 0.936709463596344, "val_accuracy_per_time": 0.9017460346221924, "_timestamp": 1708192112.145384, "_runtime": 22.652048110961914, "_step": 11, "num_epochs": 91, "test_loss": 0.0002297625442345937, "test_accuracy": 0.8638888597488403, "_wandb": {"runtime": 20}}