{"time": 20.0026912689209, "train_loss_per_epoch": 5.129079101607203e-05, "val_loss_per_epoch": 0.0011432493726412456, "train_loss_per_time": 5.129079101607203e-05, "val_loss_per_time": 0.0011432493726412456, "train_accuracy_per_epoch": 0.9756019711494446, "val_accuracy_per_epoch": 0.5066666603088379, "train_accuracy_per_time": 0.9756019711494446, "val_accuracy_per_time": 0.5066666603088379, "_timestamp": 1708110861.8512015, "_runtime": 22.656933546066284, "_step": 148, "num_epochs": 1462, "test_loss": 0.0011565535267194112, "test_accuracy": 0.4803571403026581, "_wandb": {"runtime": 20}}