{"time": 59.95363998413086, "train_loss_per_epoch": 1.7150814102251388e-12, "val_loss_per_epoch": 5.670599804984198e-06, "train_loss_vs_time": 1.7150814102251388e-12, "val_loss_vs_time": 5.670599804984198e-06, "_timestamp": 1706747295.4769692, "_runtime": 62.55591034889221, "_step": 202, "test_loss": 0.0005115464826424917, "num_parameters": 63000, "_wandb": {"runtime": 60}}