{"time": 20.022238969802856, "train_loss_per_epoch": 1.926115731164048e-08, "val_loss_per_epoch": 0.0004071539392073949, "train_loss_per_time": 1.926115731164048e-08, "val_loss_per_time": 0.0004071539392073949, "train_accuracy_per_epoch": 1.0000001192092896, "val_accuracy_per_epoch": 0.8185100555419922, "train_accuracy_per_time": 1.0000001192092896, "val_accuracy_per_time": 0.8185100555419922, "_timestamp": 1708191628.7129471, "_runtime": 22.521706104278564, "_step": 136, "num_epochs": 1342, "test_loss": 0.00033082333703835805, "test_accuracy": 0.8757467865943909, "_wandb": {"runtime": 20}}