{"time": 20.003137826919556, "train_loss_per_epoch": 0.0007754226348229817, "val_loss_per_epoch": 0.0011503385504086812, "train_loss_per_time": 0.0007754226348229817, "val_loss_per_time": 0.0011503385504086812, "train_accuracy_per_epoch": 0.20000000298023224, "val_accuracy_per_epoch": 0.20000000298023224, "train_accuracy_per_time": 0.20000000298023224, "val_accuracy_per_time": 0.20000000298023224, "_timestamp": 1708110278.2979288, "_runtime": 22.77803874015808, "_step": 156, "num_epochs": 1544, "test_loss": 0.0012254766623179118, "test_accuracy": 0.20000000298023224, "_wandb": {"runtime": 20}}