{"num_epochs": 0, "time": 652.9101126194, "_timestamp": 1711994272.5500076, "_runtime": 711.4122285842896, "_step": 1, "test_loss": 0.0009603202641010284, "test_accuracy": 0.10000000894069672, "_wandb": {"runtime": 709}}