{"time": 20.047465801239014, "train_loss_per_epoch": 0.0003130059050662177, "val_loss_per_epoch": 0.0006672715147336324, "train_loss_per_time": 0.0003130059050662177, "val_loss_per_time": 0.0006672715147336324, "train_accuracy_per_epoch": 0.8030058741569519, "val_accuracy_per_epoch": 0.6495238542556763, "train_accuracy_per_time": 0.8030058741569519, "val_accuracy_per_time": 0.6495238542556763, "_timestamp": 1708111286.5330493, "_runtime": 23.51813530921936, "_step": 26, "num_epochs": 249, "test_loss": 0.0005672720571358998, "test_accuracy": 0.7051407098770142, "_wandb": {"runtime": 20}}