{"time": 20.00705337524414, "train_loss_per_epoch": 0.00010717550558703287, "val_loss_per_epoch": 0.001476331353187561, "train_loss_per_time": 0.00010717550558703287, "val_loss_per_time": 0.001476331353187561, "train_accuracy_per_epoch": 0.9161226153373718, "val_accuracy_per_epoch": 0.35496756434440613, "train_accuracy_per_time": 0.9161226153373718, "val_accuracy_per_time": 0.35496756434440613, "_timestamp": 1708144084.838095, "_runtime": 23.302603006362915, "_step": 122, "num_epochs": 1210, "test_loss": 0.00112516850233078, "test_accuracy": 0.43054476380348206, "_wandb": {"runtime": 20}}