{"time": 20.010764837265015, "train_loss_per_epoch": 8.60183462853976e-06, "val_loss_per_epoch": 0.00035082966089248655, "train_loss_per_time": 8.60183462853976e-06, "val_loss_per_time": 0.00035082966089248655, "train_accuracy_per_epoch": 0.9950001239776611, "val_accuracy_per_epoch": 0.755032479763031, "train_accuracy_per_time": 0.9950001239776611, "val_accuracy_per_time": 0.755032479763031, "_timestamp": 1708143727.9291482, "_runtime": 22.541763305664062, "_step": 155, "num_epochs": 1534, "test_loss": 0.00033662041028340657, "test_accuracy": 0.7797979712486267, "_wandb": {"runtime": 20}}