{"time": 20.038999795913696, "train_loss_per_epoch": 0.00012355650908180645, "val_loss_per_epoch": 0.0011166877547899882, "train_loss_per_time": 0.00012355650908180645, "val_loss_per_time": 0.0011166877547899882, "train_accuracy_per_epoch": 0.9364962577819824, "val_accuracy_per_epoch": 0.47388890385627747, "train_accuracy_per_time": 0.9364962577819824, "val_accuracy_per_time": 0.47388890385627747, "_timestamp": 1708192027.033018, "_runtime": 23.14387011528015, "_step": 39, "num_epochs": 371, "test_loss": 0.001072643001874288, "test_accuracy": 0.4465384781360626, "_wandb": {"runtime": 20}}