{"time": 20.020719528198242, "train_loss_per_epoch": 7.789900358017933e-06, "val_loss_per_epoch": 0.00042481993635495505, "train_loss_per_time": 7.789900358017933e-06, "val_loss_per_time": 0.00042481993635495505, "train_accuracy_per_epoch": 0.9922223091125488, "val_accuracy_per_epoch": 0.7790476083755493, "train_accuracy_per_time": 0.9922223091125488, "val_accuracy_per_time": 0.7790476083755493, "_timestamp": 1708111350.8219733, "_runtime": 22.851813316345215, "_step": 71, "num_epochs": 693, "test_loss": 0.0005121159553527832, "test_accuracy": 0.8149892091751099, "_wandb": {"runtime": 20}}