{"time": 325.91372632980347, "train_loss_per_epoch": 0.0008908724720988955, "val_loss_per_epoch": 0.0009736150403817494, "train_loss_per_time": 0.0008908724720988955, "val_loss_per_time": 0.0009736150403817494, "train_accuracy_per_epoch": 0.15316875278949738, "val_accuracy_per_epoch": 0.0998973697423935, "train_accuracy_per_time": 0.15316875278949738, "val_accuracy_per_time": 0.0998973697423935, "_timestamp": 1711991476.892583, "_runtime": 329.5320599079132, "_step": 3, "num_epochs": 11, "test_loss": 0.000967811793088913, "test_accuracy": 0.10695275664329529, "_wandb": {"runtime": 327}}