{"time": 20.00676131248474, "train_loss_per_epoch": 0.0006949804510389055, "val_loss_per_epoch": 0.0011403980851173402, "train_loss_per_time": 0.0006949804510389055, "val_loss_per_time": 0.0011403980851173402, "train_accuracy_per_epoch": 0.20000000298023224, "val_accuracy_per_epoch": 0.17083331942558289, "train_accuracy_per_time": 0.20000000298023224, "val_accuracy_per_time": 0.17083331942558289, "_timestamp": 1708188700.3052583, "_runtime": 22.865203380584717, "_step": 175, "num_epochs": 1739, "test_loss": 0.0011063520113627117, "test_accuracy": 0.20000000298023224, "_wandb": {"runtime": 20}}