{"time": 2.195026159286499, "train_loss_per_epoch": 0.00017864279182893889, "val_loss_per_epoch": 0.7310683131217957, "train_loss_per_time": 0.00017864279182893889, "val_loss_per_time": 0.7310683131217957, "train_accuracy_per_epoch": 0.9155514240264893, "val_accuracy_per_epoch": 0.00039829487601915993, "train_accuracy_per_time": 0.9155514240264893, "val_accuracy_per_time": 0.00039829487601915993, "_timestamp": 1707797732.0239546, "_runtime": 6.218703746795654, "_step": 6, "num_epochs": 50, "test_loss": 0.8459920287132263, "test_accuracy": 0.0002764533708492915, "_wandb": {"runtime": 2}}