{"time": 20.02270817756653, "train_loss_per_epoch": 1.1517221760836297e-05, "val_loss_per_epoch": 0.0004941316942373912, "train_loss_per_time": 1.1517221760836297e-05, "val_loss_per_time": 0.0004941316942373912, "train_accuracy_per_epoch": 0.990277886390686, "val_accuracy_per_epoch": 0.7534127235412598, "train_accuracy_per_time": 0.990277886390686, "val_accuracy_per_time": 0.7534127235412598, "_timestamp": 1708101381.3334, "_runtime": 22.812140941619873, "_step": 82, "num_epochs": 809, "test_loss": 0.0005268987019856771, "test_accuracy": 0.7651515007019043, "_wandb": {"runtime": 20}}