{"time": 20.00786066055298, "train_loss_per_epoch": 8.019718740667616e-05, "val_loss_per_epoch": 0.0011743126312891642, "train_loss_per_time": 8.019718740667616e-05, "val_loss_per_time": 0.0011743126312891642, "train_accuracy_per_epoch": 0.9532909989356995, "val_accuracy_per_epoch": 0.3819444179534912, "train_accuracy_per_time": 0.9532909989356995, "val_accuracy_per_time": 0.3819444179534912, "_timestamp": 1708101575.0600686, "_runtime": 22.782233715057373, "_step": 51, "num_epochs": 498, "test_loss": 0.0011242236693700155, "test_accuracy": 0.465656578540802, "_wandb": {"runtime": 20}}