{"time": 299.6890993118286, "train_loss_per_epoch": 4.810636611285446e-13, "val_loss_per_epoch": 7.270261314180162e-06, "train_loss_vs_time": 4.810636611285446e-13, "val_loss_vs_time": 7.270261314180162e-06, "_timestamp": 1706909536.4729388, "_runtime": 302.5260126590729, "_step": 285, "test_loss": 0.00031624145805835723, "num_parameters": 315368, "_wandb": {"runtime": 300}}