{"time": 20.007807731628418, "train_loss_per_epoch": 3.442138141248766e-06, "val_loss_per_epoch": 0.00039932750165462495, "train_loss_per_time": 3.442138141248766e-06, "val_loss_per_time": 0.00039932750165462495, "train_accuracy_per_epoch": 0.9937500953674316, "val_accuracy_per_epoch": 0.8180860877037048, "train_accuracy_per_time": 0.9937500953674316, "val_accuracy_per_time": 0.8180860877037048, "_timestamp": 1708144675.5755677, "_runtime": 22.751014709472656, "_step": 128, "num_epochs": 1262, "test_loss": 0.0003932416687409083, "test_accuracy": 0.7957468032836914, "_wandb": {"runtime": 20}}