{"time": 20.026482343673706, "train_loss_per_epoch": 0.0007968181584562574, "val_loss_per_epoch": 0.0010705351829528808, "train_loss_per_time": 0.0007968181584562574, "val_loss_per_time": 0.0010705351829528808, "train_accuracy_per_epoch": 0.20000000298023224, "val_accuracy_per_epoch": 0.20000000298023224, "train_accuracy_per_time": 0.20000000298023224, "val_accuracy_per_time": 0.20000000298023224, "_timestamp": 1708145070.0308523, "_runtime": 22.30948042869568, "_step": 56, "num_epochs": 546, "test_loss": 0.0010765754183133442, "test_accuracy": 0.20000000298023224, "_wandb": {"runtime": 20}}