{"time": 300.7006299495697, "train_loss_per_epoch": 0.0009097750591380256, "val_loss_per_epoch": 0.0009737015167872111, "train_loss_per_time": 0.0009097750591380256, "val_loss_per_time": 0.0009737015167872111, "train_accuracy_per_epoch": 0.10092166811227798, "val_accuracy_per_epoch": 0.09990531206130981, "train_accuracy_per_time": 0.10092166811227798, "val_accuracy_per_time": 0.09990531206130981, "_timestamp": 1711985213.4572499, "_runtime": 304.4126148223877, "_step": 3, "num_epochs": 11, "test_loss": 0.000971550186475118, "test_accuracy": 0.10104167461395264, "_wandb": {"runtime": 301}}