{"time": 20.027283668518066, "train_loss_per_epoch": 7.517270344708647e-05, "val_loss_per_epoch": 0.000391425962249438, "train_loss_per_time": 7.517270344708647e-05, "val_loss_per_time": 0.000391425962249438, "train_accuracy_per_epoch": 0.9865026473999023, "val_accuracy_per_epoch": 0.852222204208374, "train_accuracy_per_time": 0.9865026473999023, "val_accuracy_per_time": 0.852222204208374, "_timestamp": 1708112658.7255633, "_runtime": 23.037374258041382, "_step": 10, "num_epochs": 85, "test_loss": 0.00036126861969629925, "test_accuracy": 0.8458729982376099, "_wandb": {"runtime": 20}}