{"time": 120.08591532707214, "train_loss_per_epoch": 0.0005579453174557005, "val_loss_per_epoch": 0.001532543549935023, "train_loss_per_time": 0.0005579453174557005, "val_loss_per_time": 0.001532543549935023, "train_accuracy_per_epoch": 0.6683578491210938, "val_accuracy_per_epoch": 0.05543220788240433, "train_accuracy_per_time": 0.6683578491210938, "val_accuracy_per_time": 0.05543220788240433, "_timestamp": 1708207176.6832197, "_runtime": 123.01762175559998, "_step": 10, "num_epochs": 89, "test_loss": 0.0016037990649541219, "test_accuracy": 0.10944139212369919, "_wandb": {"runtime": 120}}