{"time": 1.7299962043762207, "train_loss_per_epoch": 2.7133819322833526e-05, "val_loss_per_epoch": 5.2424162626266476e-06, "train_loss_vs_time": 2.7133819322833526e-05, "val_loss_vs_time": 5.2424162626266476e-06, "_timestamp": 1706731189.042628, "_runtime": 4.664420127868652, "_step": 21, "test_loss": 0.0006162109474341075, "num_parameters": 63000, "_wandb": {"runtime": 2}}