{"time": 20.02565836906433, "train_loss_per_epoch": 2.1664191902215992e-05, "val_loss_per_epoch": 0.0002414090186357498, "train_loss_per_time": 2.1664191902215992e-05, "val_loss_per_time": 0.0002414090186357498, "train_accuracy_per_epoch": 0.9862062931060791, "val_accuracy_per_epoch": 0.8816330432891846, "train_accuracy_per_time": 0.9862062931060791, "val_accuracy_per_time": 0.8816330432891846, "_timestamp": 1708115105.452919, "_runtime": 23.597239017486572, "_step": 38, "num_epochs": 362, "test_loss": 0.0004766097168127696, "test_accuracy": 0.8069841861724854, "_wandb": {"runtime": 20}}