{"time": 20.020389795303345, "train_loss_per_epoch": 3.633920433847899e-07, "val_loss_per_epoch": 0.0002529388666152954, "train_loss_per_time": 3.633920433847899e-07, "val_loss_per_time": 0.0002529388666152954, "train_accuracy_per_epoch": 1.0000001192092896, "val_accuracy_per_epoch": 0.843207061290741, "train_accuracy_per_time": 1.0000001192092896, "val_accuracy_per_time": 0.843207061290741, "_timestamp": 1708114164.7865076, "_runtime": 23.516796588897705, "_step": 41, "num_epochs": 399, "test_loss": 0.0002925806244214376, "test_accuracy": 0.8800757527351379, "_wandb": {"runtime": 20}}