{"time": 20.006617307662964, "train_loss_per_epoch": 3.4402063280530067e-06, "val_loss_per_epoch": 0.0002759473770856857, "train_loss_per_time": 3.4402063280530067e-06, "val_loss_per_time": 0.0002759473770856857, "train_accuracy_per_epoch": 0.9964287281036377, "val_accuracy_per_epoch": 0.8804945945739746, "train_accuracy_per_time": 0.9964287281036377, "val_accuracy_per_time": 0.8804945945739746, "_timestamp": 1708191024.6886137, "_runtime": 23.057851552963257, "_step": 143, "num_epochs": 1418, "test_loss": 0.00035828009247779847, "test_accuracy": 0.7678571939468384, "_wandb": {"runtime": 20}}