{"time": 20.061856508255005, "train_loss_per_epoch": 0.000190684688942773, "val_loss_per_epoch": 0.0011147870620091757, "train_loss_per_time": 0.000190684688942773, "val_loss_per_time": 0.0011147870620091757, "train_accuracy_per_epoch": 0.9200586676597595, "val_accuracy_per_epoch": 0.4030952453613281, "train_accuracy_per_time": 0.9200586676597595, "val_accuracy_per_time": 0.4030952453613281, "_timestamp": 1708188426.9060361, "_runtime": 21.96185612678528, "_step": 29, "num_epochs": 274, "test_loss": 0.0008713050683339437, "test_accuracy": 0.5334676504135132, "_wandb": {"runtime": 20}}