{"train_loss_per_epoch": 0.0010225294530391692, "_timestamp": 1706726361.4928865, "val_loss_per_epoch": 0.0011660594741503398, "_runtime": 2.9693055152893066, "_step": 0, "_wandb": {"runtime": 1}}