{"time": 9.775089025497437, "train_loss_per_epoch": 0.00011053794595812049, "val_loss_per_epoch": 4.9645963642332295e-06, "train_loss_vs_time": 0.00011053794595812049, "val_loss_vs_time": 4.9645963642332295e-06, "_timestamp": 1706731091.6038187, "_runtime": 13.384346723556519, "_step": 15, "test_loss": 0.00036690006653467813, "num_parameters": 57848, "_wandb": {"runtime": 10}}