{"time": 20.00499176979065, "train_loss_per_epoch": 0.0006896720826625824, "val_loss_per_epoch": 0.0009551490346590678, "train_loss_per_time": 0.0006896720826625824, "val_loss_per_time": 0.0009551490346590678, "train_accuracy_per_epoch": 0.46987396478652954, "val_accuracy_per_epoch": 0.4028174579143524, "train_accuracy_per_time": 0.46987396478652954, "val_accuracy_per_time": 0.4028174579143524, "_timestamp": 1708191471.414142, "_runtime": 21.995279788970947, "_step": 33, "num_epochs": 317, "test_loss": 0.0008571678400039673, "test_accuracy": 0.46138888597488403, "_wandb": {"runtime": 20}}