{"time": 20.003958702087402, "train_loss_per_epoch": 0.0003110169300011226, "val_loss_per_epoch": 0.007569427291552226, "train_loss_per_time": 0.0003110169300011226, "val_loss_per_time": 0.007569427291552226, "train_accuracy_per_epoch": 0.8242424726486206, "val_accuracy_per_epoch": 0.125, "train_accuracy_per_time": 0.8242424726486206, "val_accuracy_per_time": 0.125, "_timestamp": 1708205391.4764342, "_runtime": 22.254319190979004, "_step": 15, "num_epochs": 131, "test_loss": 0.008255753417809803, "test_accuracy": 0.0, "_wandb": {"runtime": 20}}