{"time": 20.027564764022827, "train_loss_per_epoch": 1.233597140526399e-07, "val_loss_per_epoch": 0.00035359414915243784, "train_loss_per_time": 1.233597140526399e-07, "val_loss_per_time": 0.00035359414915243784, "train_accuracy_per_epoch": 1.0000001192092896, "val_accuracy_per_epoch": 0.7987208366394043, "train_accuracy_per_time": 1.0000001192092896, "val_accuracy_per_time": 0.7987208366394043, "_timestamp": 1708112944.526659, "_runtime": 22.979094982147217, "_step": 62, "num_epochs": 606, "test_loss": 0.0003085411836703618, "test_accuracy": 0.8582467436790466, "_wandb": {"runtime": 20}}