{"time": 20.089871644973755, "train_loss_per_epoch": 0.00013088763824531011, "val_loss_per_epoch": 0.00037956895927588143, "train_loss_per_time": 0.00013088763824531011, "val_loss_per_time": 0.00037956895927588143, "train_accuracy_per_epoch": 0.9564984440803528, "val_accuracy_per_epoch": 0.8134250044822693, "train_accuracy_per_time": 0.9564984440803528, "val_accuracy_per_time": 0.8134250044822693, "_timestamp": 1708190005.5748224, "_runtime": 22.576675415039062, "_step": 21, "num_epochs": 194, "test_loss": 0.0004513108730316162, "test_accuracy": 0.7327777743339539, "_wandb": {"runtime": 20}}