{"time": 20.009526252746582, "train_loss_per_epoch": 0.00048430413007736204, "val_loss_per_epoch": 0.0007529927790164947, "train_loss_per_time": 0.00048430413007736204, "val_loss_per_time": 0.0007529927790164947, "train_accuracy_per_epoch": 0.7063428163528442, "val_accuracy_per_epoch": 0.5914285778999329, "train_accuracy_per_time": 0.7063428163528442, "val_accuracy_per_time": 0.5914285778999329, "_timestamp": 1708111889.2822168, "_runtime": 22.70946979522705, "_step": 35, "num_epochs": 335, "test_loss": 0.0007145862281322479, "test_accuracy": 0.6027778387069702, "_wandb": {"runtime": 20}}