{"time": 20.043216228485107, "train_loss_per_epoch": 5.809741360800607e-05, "val_loss_per_epoch": 0.0006956526637077331, "train_loss_per_time": 5.809741360800607e-05, "val_loss_per_time": 0.0006956526637077331, "train_accuracy_per_epoch": 0.9601389765739441, "val_accuracy_per_epoch": 0.652738094329834, "train_accuracy_per_time": 0.9601389765739441, "val_accuracy_per_time": 0.652738094329834, "_timestamp": 1708188135.7086282, "_runtime": 29.846498250961304, "_step": 25, "num_epochs": 235, "test_loss": 0.00048637717962265016, "test_accuracy": 0.7144444584846497, "_wandb": {"runtime": 20}}