{"time": 20.00020408630371, "train_loss_per_epoch": 4.430291908127921e-05, "val_loss_per_epoch": 0.0007460450629393259, "train_loss_per_time": 4.430291908127921e-05, "val_loss_per_time": 0.0007460450629393259, "train_accuracy_per_epoch": 0.9700595736503601, "val_accuracy_per_epoch": 0.6371825337409973, "train_accuracy_per_time": 0.9700595736503601, "val_accuracy_per_time": 0.6371825337409973, "_timestamp": 1708192143.8468032, "_runtime": 22.26175618171692, "_step": 89, "num_epochs": 871, "test_loss": 0.0004322943091392517, "test_accuracy": 0.7916666865348816, "_wandb": {"runtime": 20}}