{"time": 20.038472414016724, "train_loss_per_epoch": 2.6997635141015054e-05, "val_loss_per_epoch": 0.0007546023031075796, "train_loss_per_time": 2.6997635141015054e-05, "val_loss_per_time": 0.0007546023031075796, "train_accuracy_per_epoch": 0.9968751668930054, "val_accuracy_per_epoch": 0.6404365301132202, "train_accuracy_per_time": 0.9968751668930054, "val_accuracy_per_time": 0.6404365301132202, "_timestamp": 1708188732.4303513, "_runtime": 22.923302173614502, "_step": 29, "num_epochs": 276, "test_loss": 0.0008396933476130168, "test_accuracy": 0.63779217004776, "_wandb": {"runtime": 20}}