{"time": 20.009949684143066, "train_loss_per_epoch": 2.6095580799717158e-05, "val_loss_per_epoch": 0.0003157650679349899, "train_loss_per_time": 2.6095580799717158e-05, "val_loss_per_time": 0.0003157650679349899, "train_accuracy_per_epoch": 0.9844446182250977, "val_accuracy_per_epoch": 0.820671021938324, "train_accuracy_per_time": 0.9844446182250977, "val_accuracy_per_time": 0.820671021938324, "_timestamp": 1708117278.3783374, "_runtime": 22.412405490875244, "_step": 168, "num_epochs": 1665, "test_loss": 0.00032493323087692263, "test_accuracy": 0.8356276750564575, "_wandb": {"runtime": 20}}