{"time": 20.05834698677063, "train_loss_per_epoch": 1.1783733664612685e-05, "val_loss_per_epoch": 0.0004196073611577352, "train_loss_per_time": 1.1783733664612685e-05, "val_loss_per_time": 0.0004196073611577352, "train_accuracy_per_epoch": 0.9979168176651001, "val_accuracy_per_epoch": 0.7823834419250488, "train_accuracy_per_time": 0.9979168176651001, "val_accuracy_per_time": 0.7823834419250488, "_timestamp": 1708145972.8284864, "_runtime": 23.451155424118042, "_step": 15, "num_epochs": 137, "test_loss": 0.0005318907896677653, "test_accuracy": 0.7634920477867126, "_wandb": {"runtime": 20}}