{"time": 20.012262105941772, "train_loss_per_epoch": 1.2265065184432648e-08, "val_loss_per_epoch": 0.0003553918500741323, "train_loss_per_time": 1.2265065184432648e-08, "val_loss_per_time": 0.0003553918500741323, "train_accuracy_per_epoch": 1.0000001192092896, "val_accuracy_per_epoch": 0.8045843839645386, "train_accuracy_per_time": 1.0000001192092896, "val_accuracy_per_time": 0.8045843839645386, "_timestamp": 1708114524.495872, "_runtime": 23.245355129241943, "_step": 124, "num_epochs": 1223, "test_loss": 0.0004057875275611877, "test_accuracy": 0.8277778029441833, "_wandb": {"runtime": 20}}