{"time": 20.0258526802063, "train_loss_per_epoch": 0.0006579909580094474, "val_loss_per_epoch": 0.000930389662583669, "train_loss_per_time": 0.0006579909580094474, "val_loss_per_time": 0.000930389662583669, "train_accuracy_per_epoch": 0.4940647482872009, "val_accuracy_per_epoch": 0.38777780532836914, "train_accuracy_per_time": 0.4940647482872009, "val_accuracy_per_time": 0.38777780532836914, "_timestamp": 1708101319.1458066, "_runtime": 22.821852445602417, "_step": 20, "num_epochs": 189, "test_loss": 0.000873482624689738, "test_accuracy": 0.44621211290359497, "_wandb": {"runtime": 20}}