{"time": 409.49096846580505, "train_loss_per_epoch": 0.0008992663941213062, "val_loss_per_epoch": 0.0009618253707885742, "train_loss_per_time": 0.0008992663941213062, "val_loss_per_time": 0.0009618253707885742, "train_accuracy_per_epoch": 0.11422468721866608, "val_accuracy_per_epoch": 0.08207052946090698, "train_accuracy_per_time": 0.11422468721866608, "val_accuracy_per_time": 0.08207052946090698, "_timestamp": 1708209591.642299, "_runtime": 419.5125708580017, "_step": 2, "num_epochs": 3, "test_loss": 0.0009613320330778758, "test_accuracy": 0.11485250294208527, "_wandb": {"runtime": 417}}