{"time": 60.00448131561279, "train_loss_per_epoch": 2.571892603648556e-11, "val_loss_per_epoch": 0.00040841219325860343, "train_loss_per_time": 2.571892603648556e-11, "val_loss_per_time": 0.00040841219325860343, "train_accuracy_per_epoch": 1.0000001192092896, "val_accuracy_per_epoch": 0.7921428680419922, "train_accuracy_per_time": 1.0000001192092896, "val_accuracy_per_time": 0.7921428680419922, "_timestamp": 1707844355.4597123, "_runtime": 63.94191217422485, "_step": 470, "num_epochs": 4690, "test_loss": 0.0003183848162492116, "test_accuracy": 0.8525793552398682, "_wandb": {"runtime": 60}}