{"time": 20.028932571411133, "train_loss_per_epoch": 0.00016246176457830838, "val_loss_per_epoch": 0.0007962256669998169, "train_loss_per_time": 0.00016246176457830838, "val_loss_per_time": 0.0007962256669998169, "train_accuracy_per_epoch": 0.936641275882721, "val_accuracy_per_epoch": 0.5755014419555664, "train_accuracy_per_time": 0.936641275882721, "val_accuracy_per_time": 0.5755014419555664, "_timestamp": 1708191383.452944, "_runtime": 22.66755199432373, "_step": 22, "num_epochs": 208, "test_loss": 0.0008261867860953013, "test_accuracy": 0.6082540154457092, "_wandb": {"runtime": 20}}