{"time": 20.08935260772705, "train_loss_per_epoch": 3.173199515523655e-05, "val_loss_per_epoch": 0.00045447399218877157, "train_loss_per_time": 3.173199515523655e-05, "val_loss_per_time": 0.00045447399218877157, "train_accuracy_per_epoch": 0.9802976846694946, "val_accuracy_per_epoch": 0.7486869096755981, "train_accuracy_per_time": 0.9802976846694946, "val_accuracy_per_time": 0.7486869096755981, "_timestamp": 1708112578.9742649, "_runtime": 23.679643869400024, "_step": 70, "num_epochs": 682, "test_loss": 0.0002964133024215698, "test_accuracy": 0.8363492488861084, "_wandb": {"runtime": 20}}