{"time": 20.0446298122406, "train_loss_per_epoch": 1.7772619113592164e-06, "val_loss_per_epoch": 0.0003879191478093465, "train_loss_per_time": 1.7772619113592164e-06, "val_loss_per_time": 0.0003879191478093465, "train_accuracy_per_epoch": 1.0000001192092896, "val_accuracy_per_epoch": 0.8238022923469543, "train_accuracy_per_time": 1.0000001192092896, "val_accuracy_per_time": 0.8238022923469543, "_timestamp": 1708117350.0720901, "_runtime": 22.464887142181396, "_step": 31, "num_epochs": 292, "test_loss": 0.00037832456330458324, "test_accuracy": 0.7852381467819214, "_wandb": {"runtime": 20}}