{"time": 20.04397416114807, "train_loss_per_epoch": 4.2413891891815836e-05, "val_loss_per_epoch": 0.0005569713811079661, "train_loss_per_time": 4.2413891891815836e-05, "val_loss_per_time": 0.0005569713811079661, "train_accuracy_per_epoch": 0.9716789126396179, "val_accuracy_per_epoch": 0.7510606646537781, "train_accuracy_per_time": 0.9716789126396179, "val_accuracy_per_time": 0.7510606646537781, "_timestamp": 1708192618.708887, "_runtime": 22.729443073272705, "_step": 60, "num_epochs": 583, "test_loss": 0.0006082433958848317, "test_accuracy": 0.7169696688652039, "_wandb": {"runtime": 20}}