{"time": 20.009490489959717, "train_loss_per_epoch": 9.152379685214587e-06, "val_loss_per_epoch": 0.00032051163415114083, "train_loss_per_time": 9.152379685214587e-06, "val_loss_per_time": 0.00032051163415114083, "train_accuracy_per_epoch": 0.9943751096725464, "val_accuracy_per_epoch": 0.8608657717704773, "train_accuracy_per_time": 0.9943751096725464, "val_accuracy_per_time": 0.8608657717704773, "_timestamp": 1708113275.8467743, "_runtime": 22.65120530128479, "_step": 26, "num_epochs": 244, "test_loss": 0.00036450110375881197, "test_accuracy": 0.814047634601593, "_wandb": {"runtime": 20}}