{"time": 305.1865322589874, "train_loss_per_epoch": 0.0008867331402642386, "val_loss_per_epoch": 0.000970713585615158, "train_loss_per_time": 0.0008867331402642386, "val_loss_per_time": 0.000970713585615158, "train_accuracy_per_epoch": 0.17784607410430908, "val_accuracy_per_epoch": 0.09745649993419647, "train_accuracy_per_time": 0.17784607410430908, "val_accuracy_per_time": 0.09745649993419647, "_timestamp": 1711992971.6416457, "_runtime": 308.5308427810669, "_step": 3, "num_epochs": 12, "test_loss": 0.0009749114116032918, "test_accuracy": 0.07599698752164841, "_wandb": {"runtime": 306}}