{"time": 20.07420325279236, "train_loss_per_epoch": 0.00029375495123011726, "val_loss_per_epoch": 0.0006297182043393453, "train_loss_per_time": 0.00029375495123011726, "val_loss_per_time": 0.0006297182043393453, "train_accuracy_per_epoch": 0.8620771169662476, "val_accuracy_per_epoch": 0.6515944600105286, "train_accuracy_per_time": 0.8620771169662476, "val_accuracy_per_time": 0.6515944600105286, "_timestamp": 1708116258.2533522, "_runtime": 22.65329909324646, "_step": 17, "num_epochs": 160, "test_loss": 0.0005146313707033793, "test_accuracy": 0.7255555987358093, "_wandb": {"runtime": 20}}