{"time": 20.043405532836914, "train_loss_per_epoch": 3.9663385998989854e-05, "val_loss_per_epoch": 0.000361719677845637, "train_loss_per_time": 3.9663385998989854e-05, "val_loss_per_time": 0.000361719677845637, "train_accuracy_per_epoch": 0.9857639074325562, "val_accuracy_per_epoch": 0.8202839493751526, "train_accuracy_per_time": 0.9857639074325562, "val_accuracy_per_time": 0.8202839493751526, "_timestamp": 1708189386.5715845, "_runtime": 22.598920345306396, "_step": 25, "num_epochs": 234, "test_loss": 0.0005432655413945516, "test_accuracy": 0.6879487633705139, "_wandb": {"runtime": 20}}