{"time": 20.054862022399902, "train_loss_per_epoch": 9.810904573116984e-06, "val_loss_per_epoch": 0.0005081226428349813, "train_loss_per_time": 9.810904573116984e-06, "val_loss_per_time": 0.0005081226428349813, "train_accuracy_per_epoch": 0.9958334565162659, "val_accuracy_per_epoch": 0.7063348293304443, "train_accuracy_per_time": 0.9958334565162659, "val_accuracy_per_time": 0.7063348293304443, "_timestamp": 1708188333.997232, "_runtime": 22.682366847991943, "_step": 29, "num_epochs": 279, "test_loss": 0.0004221035043398539, "test_accuracy": 0.832411527633667, "_wandb": {"runtime": 20}}