{"time": 20.14407968521118, "train_loss_per_epoch": 0.0002833573945931026, "val_loss_per_epoch": 0.00045851781964302064, "train_loss_per_time": 0.0002833573945931026, "val_loss_per_time": 0.00045851781964302064, "train_accuracy_per_epoch": 0.8866869211196899, "val_accuracy_per_epoch": 0.8145024180412292, "train_accuracy_per_time": 0.8866869211196899, "val_accuracy_per_time": 0.8145024180412292, "_timestamp": 1708115037.2825215, "_runtime": 24.20213556289673, "_step": 10, "num_epochs": 82, "test_loss": 0.000536465843518575, "test_accuracy": 0.8059921264648438, "_wandb": {"runtime": 20}}