{"time": 20.023841381072998, "train_loss_per_epoch": 1.938990643663731e-05, "val_loss_per_epoch": 0.0004318194091320038, "train_loss_per_time": 1.938990643663731e-05, "val_loss_per_time": 0.0004318194091320038, "train_accuracy_per_epoch": 0.9881678819656372, "val_accuracy_per_epoch": 0.7847430109977722, "train_accuracy_per_time": 0.9881678819656372, "val_accuracy_per_time": 0.7847430109977722, "_timestamp": 1708114430.2619123, "_runtime": 23.029524326324463, "_step": 71, "num_epochs": 695, "test_loss": 0.0004975730180740356, "test_accuracy": 0.7969444990158081, "_wandb": {"runtime": 20}}