{"time": 20.084715366363525, "train_loss_per_epoch": 0.00018469681165048053, "val_loss_per_epoch": 0.0005601491530736288, "train_loss_per_time": 0.00018469681165048053, "val_loss_per_time": 0.0005601491530736288, "train_accuracy_per_epoch": 0.9125846028327942, "val_accuracy_per_epoch": 0.688434362411499, "train_accuracy_per_time": 0.9125846028327942, "val_accuracy_per_time": 0.688434362411499, "_timestamp": 1708114066.8096244, "_runtime": 22.221517324447632, "_step": 21, "num_epochs": 197, "test_loss": 0.0005584051211675008, "test_accuracy": 0.6742424368858337, "_wandb": {"runtime": 20}}