{"time": 60.018423557281494, "train_loss_per_epoch": 2.612936254666108e-09, "val_loss_per_epoch": 0.00034273304045200347, "train_loss_per_time": 2.612936254666108e-09, "val_loss_per_time": 0.00034273304045200347, "train_accuracy_per_epoch": 1.0000001192092896, "val_accuracy_per_epoch": 0.8446429371833801, "train_accuracy_per_time": 1.0000001192092896, "val_accuracy_per_time": 0.8446429371833801, "_timestamp": 1707844214.2940724, "_runtime": 62.66109037399292, "_step": 194, "num_epochs": 1929, "test_loss": 0.00027115762233734133, "test_accuracy": 0.8478174209594727, "_wandb": {"runtime": 60}}