{"time": 20.009312868118286, "train_loss_per_epoch": 0.0007593643878187452, "val_loss_per_epoch": 0.0012371914585431417, "train_loss_per_time": 0.0007593643878187452, "val_loss_per_time": 0.0012371914585431417, "train_accuracy_per_epoch": 0.2874452769756317, "val_accuracy_per_epoch": 0.2607142925262451, "train_accuracy_per_time": 0.2874452769756317, "val_accuracy_per_time": 0.2607142925262451, "_timestamp": 1708110444.1998587, "_runtime": 23.053287744522095, "_step": 132, "num_epochs": 1301, "test_loss": 0.0011218194166819255, "test_accuracy": 0.22777777910232544, "_wandb": {"runtime": 20}}