{"time": 20.06228804588318, "train_loss_per_epoch": 9.796640619502537e-06, "val_loss_per_epoch": 0.0006433778007825216, "train_loss_per_time": 9.796640619502537e-06, "val_loss_per_time": 0.0006433778007825216, "train_accuracy_per_epoch": 0.9975000619888306, "val_accuracy_per_epoch": 0.6871753931045532, "train_accuracy_per_time": 0.9975000619888306, "val_accuracy_per_time": 0.6871753931045532, "_timestamp": 1707848359.8446517, "_runtime": 22.813308715820312, "_step": 26, "num_epochs": 249, "test_loss": 0.0005254858235518138, "test_accuracy": 0.7440764307975769, "_wandb": {"runtime": 20}}