{"time": 1.4830865859985352, "train_loss_per_epoch": 0.0007836330149854933, "val_loss_per_epoch": 0.32286328077316284, "train_loss_per_time": 0.0007836330149854933, "val_loss_per_time": 0.32286328077316284, "train_accuracy_per_epoch": 0.40937021374702454, "val_accuracy_per_epoch": 0.0009834819038709005, "train_accuracy_per_time": 0.40937021374702454, "val_accuracy_per_time": 0.0009834819038709005, "_timestamp": 1707797715.3177006, "_runtime": 4.325855731964111, "_step": 6, "num_epochs": 50, "test_loss": 0.5191666483879089, "test_accuracy": 0.0008295084536075592, "_wandb": {"runtime": 1}}