{"time": 20.00115156173706, "train_loss_per_epoch": 1.0754747833873678e-05, "val_loss_per_epoch": 0.0004238763948281606, "train_loss_per_time": 1.0754747833873678e-05, "val_loss_per_time": 0.0004238763948281606, "train_accuracy_per_epoch": 0.9935607314109802, "val_accuracy_per_epoch": 0.806464672088623, "train_accuracy_per_time": 0.9935607314109802, "val_accuracy_per_time": 0.806464672088623, "_timestamp": 1708112694.7545118, "_runtime": 23.533792734146118, "_step": 131, "num_epochs": 1294, "test_loss": 0.0004851736625035604, "test_accuracy": 0.7242857217788696, "_wandb": {"runtime": 20}}