{"time": 20.017446756362915, "train_loss_per_epoch": 0.0002585594462496894, "val_loss_per_epoch": 0.0008093869189421336, "train_loss_per_time": 0.0002585594462496894, "val_loss_per_time": 0.0008093869189421336, "train_accuracy_per_epoch": 0.8489741086959839, "val_accuracy_per_epoch": 0.5855951905250549, "train_accuracy_per_time": 0.8489741086959839, "val_accuracy_per_time": 0.5855951905250549, "_timestamp": 1708189975.819469, "_runtime": 21.948636054992676, "_step": 52, "num_epochs": 503, "test_loss": 0.0008059432605902354, "test_accuracy": 0.5294444561004639, "_wandb": {"runtime": 20}}