{"time": 20.00701594352722, "train_loss_per_epoch": 0.0007224810229880469, "val_loss_per_epoch": 0.001008392075697581, "train_loss_per_time": 0.0007224810229880469, "val_loss_per_time": 0.001008392075697581, "train_accuracy_per_epoch": 0.20000000298023224, "val_accuracy_per_epoch": 0.20000000298023224, "train_accuracy_per_time": 0.20000000298023224, "val_accuracy_per_time": 0.20000000298023224, "_timestamp": 1708115203.8983705, "_runtime": 22.63830041885376, "_step": 135, "num_epochs": 1340, "test_loss": 0.001209575633207957, "test_accuracy": 0.20000000298023224, "_wandb": {"runtime": 20}}