{"time": 20.025771379470825, "train_loss_per_epoch": 1.7310741147541974e-05, "val_loss_per_epoch": 0.00035881338020165763, "train_loss_per_time": 1.7310741147541974e-05, "val_loss_per_time": 0.00035881338020165763, "train_accuracy_per_epoch": 0.9766559600830078, "val_accuracy_per_epoch": 0.8258657455444336, "train_accuracy_per_time": 0.9766559600830078, "val_accuracy_per_time": 0.8258657455444336, "_timestamp": 1708144914.0457013, "_runtime": 23.56997036933899, "_step": 46, "num_epochs": 449, "test_loss": 0.0002899136394262314, "test_accuracy": 0.834883451461792, "_wandb": {"runtime": 20}}