{"time": 20.011877298355103, "train_loss_per_epoch": 4.4771238629307065e-05, "val_loss_per_epoch": 0.001371362010637919, "train_loss_per_time": 4.4771238629307065e-05, "val_loss_per_time": 0.001371362010637919, "train_accuracy_per_epoch": 0.9653049111366272, "val_accuracy_per_epoch": 0.4106602072715759, "train_accuracy_per_time": 0.9653049111366272, "val_accuracy_per_time": 0.4106602072715759, "_timestamp": 1707848327.2674596, "_runtime": 22.77008557319641, "_step": 152, "num_epochs": 1501, "test_loss": 0.0011825624108314514, "test_accuracy": 0.4939863383769989, "_wandb": {"runtime": 20}}