{"time": 20.011577367782593, "train_loss_per_epoch": 3.4666317216241233e-06, "val_loss_per_epoch": 0.0003159644951423009, "train_loss_per_time": 3.4666317216241233e-06, "val_loss_per_time": 0.0003159644951423009, "train_accuracy_per_epoch": 0.9968750476837158, "val_accuracy_per_epoch": 0.8902597427368164, "train_accuracy_per_time": 0.9968750476837158, "val_accuracy_per_time": 0.8902597427368164, "_timestamp": 1708114827.921745, "_runtime": 22.607609033584595, "_step": 85, "num_epochs": 837, "test_loss": 0.0002472826838493347, "test_accuracy": 0.9142857789993286, "_wandb": {"runtime": 20}}