{"time": 20.012882709503174, "train_loss_per_epoch": 0.00041810055928570886, "val_loss_per_epoch": 0.0007513075073560079, "train_loss_per_time": 0.00041810055928570886, "val_loss_per_time": 0.0007513075073560079, "train_accuracy_per_epoch": 0.7122509479522705, "val_accuracy_per_epoch": 0.5929365158081055, "train_accuracy_per_time": 0.7122509479522705, "val_accuracy_per_time": 0.5929365158081055, "_timestamp": 1708188499.9014366, "_runtime": 21.84976053237915, "_step": 48, "num_epochs": 467, "test_loss": 0.0007691258192062378, "test_accuracy": 0.5619155764579773, "_wandb": {"runtime": 20}}