{"time": 20.513556480407715, "train_loss_per_epoch": 0.00016251947464687483, "val_loss_per_epoch": 0.0003902657081683477, "train_loss_per_time": 0.00016251947464687483, "val_loss_per_time": 0.0003902657081683477, "train_accuracy_per_epoch": 0.9077860116958618, "val_accuracy_per_epoch": 0.7448076605796814, "train_accuracy_per_time": 0.9077860116958618, "val_accuracy_per_time": 0.7448076605796814, "_timestamp": 1708145760.8871682, "_runtime": 23.418485164642334, "_step": 11, "num_epochs": 96, "test_loss": 0.0005038771529992422, "test_accuracy": 0.7692063450813293, "_wandb": {"runtime": 20}}