{"time": 20.078551292419434, "train_loss_per_epoch": 0.00043486995356423517, "val_loss_per_epoch": 0.008190322915712993, "train_loss_per_time": 0.00043486995356423517, "val_loss_per_time": 0.008190322915712993, "train_accuracy_per_epoch": 0.9375001192092896, "val_accuracy_per_epoch": 0.0555555559694767, "train_accuracy_per_time": 0.9375001192092896, "val_accuracy_per_time": 0.0555555559694767, "_timestamp": 1708205840.9481568, "_runtime": 22.923868894577026, "_step": 15, "num_epochs": 140, "test_loss": 0.008482594291369121, "test_accuracy": 0.1041666716337204, "_wandb": {"runtime": 20}}