{"time": 20.011735916137695, "train_loss_per_epoch": 0.0007807651375021254, "val_loss_per_epoch": 0.0010570108890533448, "train_loss_per_time": 0.0007807651375021254, "val_loss_per_time": 0.0010570108890533448, "train_accuracy_per_epoch": 0.20000000298023224, "val_accuracy_per_epoch": 0.18333333730697632, "train_accuracy_per_time": 0.20000000298023224, "val_accuracy_per_time": 0.18333333730697632, "_timestamp": 1708188458.4593325, "_runtime": 22.910646438598633, "_step": 70, "num_epochs": 684, "test_loss": 0.0011856568853060405, "test_accuracy": 0.20000000298023224, "_wandb": {"runtime": 20}}