{"time": 20.0288188457489, "train_loss_per_epoch": 1.0298487328067755e-05, "val_loss_per_epoch": 0.00038292554517587027, "train_loss_per_time": 1.0298487328067755e-05, "val_loss_per_time": 0.00038292554517587027, "train_accuracy_per_epoch": 0.989583432674408, "val_accuracy_per_epoch": 0.8190873265266418, "train_accuracy_per_time": 0.989583432674408, "val_accuracy_per_time": 0.8190873265266418, "_timestamp": 1708113561.2656927, "_runtime": 23.354869604110718, "_step": 53, "num_epochs": 520, "test_loss": 0.00037581870953241984, "test_accuracy": 0.8071428537368774, "_wandb": {"runtime": 20}}