{"time": 20.001746892929077, "train_loss_per_epoch": 4.0178859240508504e-05, "val_loss_per_epoch": 0.00042020241419474285, "train_loss_per_time": 4.0178859240508504e-05, "val_loss_per_time": 0.00042020241419474285, "train_accuracy_per_epoch": 0.9833471775054932, "val_accuracy_per_epoch": 0.8044372200965881, "train_accuracy_per_time": 0.9833471775054932, "val_accuracy_per_time": 0.8044372200965881, "_timestamp": 1707848145.5839295, "_runtime": 22.153478622436523, "_step": 40, "num_epochs": 385, "test_loss": 0.0005853379766146342, "test_accuracy": 0.6950613260269165, "_wandb": {"runtime": 20}}