{"time": 20.17114543914795, "train_loss_per_epoch": 0.00012965985972966467, "val_loss_per_epoch": 0.0004548293848832448, "train_loss_per_time": 0.00012965985972966467, "val_loss_per_time": 0.0004548293848832448, "train_accuracy_per_epoch": 0.9599594473838806, "val_accuracy_per_epoch": 0.745421290397644, "train_accuracy_per_time": 0.9599594473838806, "val_accuracy_per_time": 0.745421290397644, "_timestamp": 1708189416.878058, "_runtime": 22.33716893196106, "_step": 12, "num_epochs": 106, "test_loss": 0.000379204327861468, "test_accuracy": 0.7705555558204651, "_wandb": {"runtime": 20}}