{"time": 20.072346687316895, "train_loss_per_epoch": 1.7678920994512736e-06, "val_loss_per_epoch": 0.0004172047972679138, "train_loss_per_time": 1.7678920994512736e-06, "val_loss_per_time": 0.0004172047972679138, "train_accuracy_per_epoch": 1.0000001192092896, "val_accuracy_per_epoch": 0.7697943449020386, "train_accuracy_per_time": 1.0000001192092896, "val_accuracy_per_time": 0.7697943449020386, "_timestamp": 1708111112.6007113, "_runtime": 22.841254234313965, "_step": 25, "num_epochs": 238, "test_loss": 0.00037174408634503683, "test_accuracy": 0.7818579077720642, "_wandb": {"runtime": 20}}