{"time": 20.02969765663147, "train_loss_per_epoch": 1.308611977687438e-07, "val_loss_per_epoch": 0.0004084799438714981, "train_loss_per_time": 1.308611977687438e-07, "val_loss_per_time": 0.0004084799438714981, "train_accuracy_per_epoch": 1.0000001192092896, "val_accuracy_per_epoch": 0.8472222685813904, "train_accuracy_per_time": 1.0000001192092896, "val_accuracy_per_time": 0.8472222685813904, "_timestamp": 1708116922.4213824, "_runtime": 22.58403444290161, "_step": 65, "num_epochs": 633, "test_loss": 0.0001792032892505328, "test_accuracy": 0.939242422580719, "_wandb": {"runtime": 20}}