{"time": 20.031425714492798, "train_loss_per_epoch": 3.6687466698432606e-06, "val_loss_per_epoch": 0.0003481716165939967, "train_loss_per_time": 3.6687466698432606e-06, "val_loss_per_time": 0.0003481716165939967, "train_accuracy_per_epoch": 0.9979168176651001, "val_accuracy_per_epoch": 0.8351649045944214, "train_accuracy_per_time": 0.9979168176651001, "val_accuracy_per_time": 0.8351649045944214, "_timestamp": 1708190069.038896, "_runtime": 22.553821086883545, "_step": 69, "num_epochs": 671, "test_loss": 0.00044314831495285035, "test_accuracy": 0.7388888597488403, "_wandb": {"runtime": 20}}