{"time": 20.015135049819946, "train_loss_per_epoch": 7.19437824695238e-05, "val_loss_per_epoch": 0.0013004474838574727, "train_loss_per_time": 7.19437824695238e-05, "val_loss_per_time": 0.0013004474838574727, "train_accuracy_per_epoch": 0.9597917795181274, "val_accuracy_per_epoch": 0.41607144474983215, "train_accuracy_per_time": 0.9597917795181274, "val_accuracy_per_time": 0.41607144474983215, "_timestamp": 1708101509.5974813, "_runtime": 22.992547273635864, "_step": 121, "num_epochs": 1197, "test_loss": 0.001334692339102427, "test_accuracy": 0.40768396854400635, "_wandb": {"runtime": 20}}