{"time": 20.20117425918579, "train_loss_per_epoch": 0.00011407356443149703, "val_loss_per_epoch": 0.0073852106928825375, "train_loss_per_time": 0.00011407356443149703, "val_loss_per_time": 0.0073852106928825375, "train_accuracy_per_epoch": 1.0000001192092896, "val_accuracy_per_epoch": 0.20000000298023224, "train_accuracy_per_time": 1.0000001192092896, "val_accuracy_per_time": 0.20000000298023224, "_timestamp": 1708205684.1092446, "_runtime": 22.150846481323242, "_step": 9, "num_epochs": 76, "test_loss": 0.008315925796826681, "test_accuracy": 0.0555555559694767, "_wandb": {"runtime": 20}}