{"time": 20.087208032608032, "train_loss_per_epoch": 7.204306178859302e-05, "val_loss_per_epoch": 0.00033623834451039633, "train_loss_per_time": 7.204306178859302e-05, "val_loss_per_time": 0.00033623834451039633, "train_accuracy_per_epoch": 0.9760417342185974, "val_accuracy_per_epoch": 0.8590043187141418, "train_accuracy_per_time": 0.9760417342185974, "val_accuracy_per_time": 0.8590043187141418, "_timestamp": 1708115339.9191754, "_runtime": 22.679652452468872, "_step": 15, "num_epochs": 131, "test_loss": 0.00030252352356910703, "test_accuracy": 0.8340476155281067, "_wandb": {"runtime": 20}}