{"time": 20.00149393081665, "train_loss_per_epoch": 7.396493231226486e-06, "val_loss_per_epoch": 0.00023149033387502034, "train_loss_per_time": 7.396493231226486e-06, "val_loss_per_time": 0.00023149033387502034, "train_accuracy_per_epoch": 0.9937500953674316, "val_accuracy_per_epoch": 0.9095238447189331, "train_accuracy_per_time": 0.9937500953674316, "val_accuracy_per_time": 0.9095238447189331, "_timestamp": 1707848297.2609484, "_runtime": 22.758541345596313, "_step": 150, "num_epochs": 1484, "test_loss": 0.00043572962284088134, "test_accuracy": 0.8215764760971069, "_wandb": {"runtime": 20}}