{"time": 20.024903059005737, "train_loss_per_epoch": 0.0007910422555037907, "val_loss_per_epoch": 0.0010413122177124023, "train_loss_per_time": 0.0007910422555037907, "val_loss_per_time": 0.0010413122177124023, "train_accuracy_per_epoch": 0.20000000298023224, "val_accuracy_per_epoch": 0.20000000298023224, "train_accuracy_per_time": 0.20000000298023224, "val_accuracy_per_time": 0.20000000298023224, "_timestamp": 1708143578.0566325, "_runtime": 21.8809494972229, "_step": 53, "num_epochs": 511, "test_loss": 0.0010273247957229615, "test_accuracy": 0.20000000298023224, "_wandb": {"runtime": 20}}