{"time": 20.156502962112427, "train_loss_per_epoch": 0.00016026056238583155, "val_loss_per_epoch": 0.0005889806648095449, "train_loss_per_time": 0.00016026056238583155, "val_loss_per_time": 0.0005889806648095449, "train_accuracy_per_epoch": 0.935589075088501, "val_accuracy_per_epoch": 0.6875228881835938, "train_accuracy_per_time": 0.935589075088501, "val_accuracy_per_time": 0.6875228881835938, "_timestamp": 1708190862.451909, "_runtime": 25.835806131362915, "_step": 16, "num_epochs": 148, "test_loss": 0.0005523699025313059, "test_accuracy": 0.6835317611694336, "_wandb": {"runtime": 20}}