{"time": 20.00108575820923, "train_loss_per_epoch": 7.687039816833671e-06, "val_loss_per_epoch": 0.0003693983952204386, "train_loss_per_time": 7.687039816833671e-06, "val_loss_per_time": 0.0003693983952204386, "train_accuracy_per_epoch": 0.9952273368835449, "val_accuracy_per_epoch": 0.8247619271278381, "train_accuracy_per_time": 0.9952273368835449, "val_accuracy_per_time": 0.8247619271278381, "_timestamp": 1708115461.1943254, "_runtime": 22.50444746017456, "_step": 155, "num_epochs": 1531, "test_loss": 0.0003608437875906626, "test_accuracy": 0.8447619080543518, "_wandb": {"runtime": 20}}