{"time": 20.02760076522827, "train_loss_per_epoch": 8.512098674795457e-05, "val_loss_per_epoch": 0.0005532730122407277, "train_loss_per_time": 8.512098674795457e-05, "val_loss_per_time": 0.0005532730122407277, "train_accuracy_per_epoch": 0.9629883766174316, "val_accuracy_per_epoch": 0.7118326425552368, "train_accuracy_per_time": 0.9629883766174316, "val_accuracy_per_time": 0.7118326425552368, "_timestamp": 1708145181.7810423, "_runtime": 22.892927408218384, "_step": 101, "num_epochs": 997, "test_loss": 0.0006530510882536571, "test_accuracy": 0.6943433880805969, "_wandb": {"runtime": 20}}