{"time": 20.09200358390808, "train_loss_per_epoch": 0.00034321322504963196, "val_loss_per_epoch": 0.0007184730470180512, "train_loss_per_time": 0.00034321322504963196, "val_loss_per_time": 0.0007184730470180512, "train_accuracy_per_epoch": 0.7846203446388245, "val_accuracy_per_epoch": 0.6148015856742859, "train_accuracy_per_time": 0.7846203446388245, "val_accuracy_per_time": 0.6148015856742859, "_timestamp": 1708192078.167266, "_runtime": 22.11770796775818, "_step": 25, "num_epochs": 236, "test_loss": 0.0004387188951174418, "test_accuracy": 0.7051709294319153, "_wandb": {"runtime": 20}}