{"time": 20.050761222839355, "train_loss_per_epoch": 1.9438934944316444e-05, "val_loss_per_epoch": 0.0006291184326012929, "train_loss_per_time": 1.9438934944316444e-05, "val_loss_per_time": 0.0006291184326012929, "train_accuracy_per_epoch": 0.9821925163269043, "val_accuracy_per_epoch": 0.7547619342803955, "train_accuracy_per_time": 0.9821925163269043, "val_accuracy_per_time": 0.7547619342803955, "_timestamp": 1708111538.0360727, "_runtime": 23.487196683883667, "_step": 49, "num_epochs": 480, "test_loss": 0.0005164168278376262, "test_accuracy": 0.8057034611701965, "_wandb": {"runtime": 20}}