{"time": 20.012732982635498, "train_loss_per_epoch": 0.00040212126182658333, "val_loss_per_epoch": 0.0008836982647577921, "train_loss_per_time": 0.00040212126182658333, "val_loss_per_time": 0.0008836982647577921, "train_accuracy_per_epoch": 0.7522860765457153, "val_accuracy_per_epoch": 0.4820146858692169, "train_accuracy_per_time": 0.7522860765457153, "val_accuracy_per_time": 0.4820146858692169, "_timestamp": 1708190037.303306, "_runtime": 22.531835079193115, "_step": 124, "num_epochs": 1227, "test_loss": 0.0009211312731107076, "test_accuracy": 0.4794444739818573, "_wandb": {"runtime": 20}}