{"time": 20.002443075180054, "train_loss_per_epoch": 2.4614975409349426e-05, "val_loss_per_epoch": 0.0006711392601331075, "train_loss_per_time": 2.4614975409349426e-05, "val_loss_per_time": 0.0006711392601331075, "train_accuracy_per_epoch": 0.9817063808441162, "val_accuracy_per_epoch": 0.6611111164093018, "train_accuracy_per_time": 0.9817063808441162, "val_accuracy_per_time": 0.6611111164093018, "_timestamp": 1708189153.7919245, "_runtime": 22.477157592773438, "_step": 106, "num_epochs": 1050, "test_loss": 0.00041900639732678734, "test_accuracy": 0.7757142782211304, "_wandb": {"runtime": 20}}