{"time": 20.014354705810547, "train_loss_per_epoch": 4.099463511790548e-05, "val_loss_per_epoch": 0.0010783153772354127, "train_loss_per_time": 4.099463511790548e-05, "val_loss_per_time": 0.0010783153772354127, "train_accuracy_per_epoch": 0.9778786301612854, "val_accuracy_per_epoch": 0.5911111235618591, "train_accuracy_per_time": 0.9778786301612854, "val_accuracy_per_time": 0.5911111235618591, "_timestamp": 1708110925.283119, "_runtime": 23.01446795463562, "_step": 54, "num_epochs": 521, "test_loss": 0.0009976256887118022, "test_accuracy": 0.5398412942886353, "_wandb": {"runtime": 20}}