{"time": 20.015589952468872, "train_loss_per_epoch": 1.4458623479315845e-05, "val_loss_per_epoch": 0.00022931141157944997, "train_loss_per_time": 1.4458623479315845e-05, "val_loss_per_time": 0.00022931141157944997, "train_accuracy_per_epoch": 0.9905844926834106, "val_accuracy_per_epoch": 0.8583333492279053, "train_accuracy_per_time": 0.9905844926834106, "val_accuracy_per_time": 0.8583333492279053, "_timestamp": 1708190615.501379, "_runtime": 22.499486923217773, "_step": 105, "num_epochs": 1037, "test_loss": 0.0004249641795953115, "test_accuracy": 0.8260317444801331, "_wandb": {"runtime": 20}}