{"time": 20.008776903152466, "train_loss_per_epoch": 0.0005713296894516264, "val_loss_per_epoch": 0.0009679360191027324, "train_loss_per_time": 0.0005713296894516264, "val_loss_per_time": 0.0009679360191027324, "train_accuracy_per_epoch": 0.6172918677330017, "val_accuracy_per_epoch": 0.4599855840206146, "train_accuracy_per_time": 0.6172918677330017, "val_accuracy_per_time": 0.4599855840206146, "_timestamp": 1708144820.406708, "_runtime": 22.185683965682983, "_step": 43, "num_epochs": 412, "test_loss": 0.0007377030948797861, "test_accuracy": 0.5382867455482483, "_wandb": {"runtime": 20}}