{"time": 58.54649829864502, "train_loss_per_epoch": 7.2716568683972585e-06, "val_loss_per_epoch": 4.076043102476332e-06, "train_loss_vs_time": 7.2716568683972585e-06, "val_loss_vs_time": 4.076043102476332e-06, "_timestamp": 1707011697.877624, "_runtime": 63.36809492111206, "_step": 15, "test_loss": 0.0003884950776894887, "num_parameters": 82470, "_wandb": {"runtime": 60}}