{"time": 20.013656616210938, "train_loss_per_epoch": 1.9595351067047365e-05, "val_loss_per_epoch": 0.0004626054565111796, "train_loss_per_time": 1.9595351067047365e-05, "val_loss_per_time": 0.0004626054565111796, "train_accuracy_per_epoch": 0.977777898311615, "val_accuracy_per_epoch": 0.7864469289779663, "train_accuracy_per_time": 0.977777898311615, "val_accuracy_per_time": 0.7864469289779663, "_timestamp": 1708189476.0986795, "_runtime": 22.593854427337646, "_step": 65, "num_epochs": 631, "test_loss": 0.0005088438093662262, "test_accuracy": 0.7513675093650818, "_wandb": {"runtime": 20}}