{"time": 20.00826859474182, "train_loss_per_epoch": 6.559018976986408e-05, "val_loss_per_epoch": 0.0006375653545061747, "train_loss_per_time": 6.559018976986408e-05, "val_loss_per_time": 0.0006375653545061747, "train_accuracy_per_epoch": 0.9679926037788391, "val_accuracy_per_epoch": 0.6963889002799988, "train_accuracy_per_time": 0.9679926037788391, "val_accuracy_per_time": 0.6963889002799988, "_timestamp": 1708116829.0117893, "_runtime": 21.580259323120117, "_step": 41, "num_epochs": 394, "test_loss": 0.00036863101025422413, "test_accuracy": 0.8082828521728516, "_wandb": {"runtime": 20}}