{"time": 20.093123197555542, "train_loss_per_epoch": 2.7404160937294365e-05, "val_loss_per_epoch": 0.0006853495041529337, "train_loss_per_time": 2.7404160937294365e-05, "val_loss_per_time": 0.0006853495041529337, "train_accuracy_per_epoch": 0.9892451763153076, "val_accuracy_per_epoch": 0.6579437255859375, "train_accuracy_per_time": 0.9892451763153076, "val_accuracy_per_time": 0.6579437255859375, "_timestamp": 1708191691.0577815, "_runtime": 22.726696491241455, "_step": 25, "num_epochs": 231, "test_loss": 0.000681417187054952, "test_accuracy": 0.6472402811050415, "_wandb": {"runtime": 20}}