{"time": 20.0441997051239, "train_loss_per_epoch": 0.00013684961678726333, "val_loss_per_epoch": 0.00043040250738461813, "train_loss_per_time": 0.00013684961678726333, "val_loss_per_time": 0.00043040250738461813, "train_accuracy_per_epoch": 0.9447836875915527, "val_accuracy_per_epoch": 0.7839285135269165, "train_accuracy_per_time": 0.9447836875915527, "val_accuracy_per_time": 0.7839285135269165, "_timestamp": 1708143880.7650418, "_runtime": 23.268526792526245, "_step": 22, "num_epochs": 208, "test_loss": 0.0005056297779083252, "test_accuracy": 0.6706637740135193, "_wandb": {"runtime": 20}}