{"time": 20.008434057235718, "train_loss_per_epoch": 0.0001807897138808455, "val_loss_per_epoch": 0.0003926685949166616, "train_loss_per_time": 0.0001807897138808455, "val_loss_per_time": 0.0003926685949166616, "train_accuracy_per_epoch": 0.967789888381958, "val_accuracy_per_epoch": 0.8752272129058838, "train_accuracy_per_time": 0.967789888381958, "val_accuracy_per_time": 0.8752272129058838, "_timestamp": 1708114101.389548, "_runtime": 23.03939199447632, "_step": 10, "num_epochs": 81, "test_loss": 0.0004555275042851766, "test_accuracy": 0.8376515507698059, "_wandb": {"runtime": 20}}