{"time": 9.334825277328491, "train_loss_per_epoch": 0.0003533199482730457, "val_loss_per_epoch": 0.6170939803123474, "train_loss_per_time": 0.0003533199482730457, "val_loss_per_time": 0.6170939803123474, "train_accuracy_per_epoch": 0.8421943187713623, "val_accuracy_per_epoch": 0.0005979711810747782, "train_accuracy_per_time": 0.8421943187713623, "val_accuracy_per_time": 0.0005979711810747782, "_timestamp": 1707797698.8761787, "_runtime": 12.729399681091309, "_step": 6, "num_epochs": 50, "test_loss": 0.868492066860199, "test_accuracy": 0.00046785712242126466, "_wandb": {"runtime": 9}}