{"time": 20.004217386245728, "train_loss_per_epoch": 3.402234324832014e-05, "val_loss_per_epoch": 0.000711183895667394, "train_loss_per_time": 3.402234324832014e-05, "val_loss_per_time": 0.000711183895667394, "train_accuracy_per_epoch": 0.9487500786781311, "val_accuracy_per_epoch": 0.6848990321159363, "train_accuracy_per_time": 0.9487500786781311, "val_accuracy_per_time": 0.6848990321159363, "_timestamp": 1708144392.4705436, "_runtime": 23.58476161956787, "_step": 126, "num_epochs": 1247, "test_loss": 0.0007190837959448497, "test_accuracy": 0.6726804375648499, "_wandb": {"runtime": 20}}