{"time": 20.0082688331604, "train_loss_per_epoch": 6.342552203152861e-06, "val_loss_per_epoch": 0.0002390088637669881, "train_loss_per_time": 6.342552203152861e-06, "val_loss_per_time": 0.0002390088637669881, "train_accuracy_per_epoch": 1.0000001192092896, "val_accuracy_per_epoch": 0.8984584212303162, "train_accuracy_per_time": 1.0000001192092896, "val_accuracy_per_time": 0.8984584212303162, "_timestamp": 1708115139.5367615, "_runtime": 23.883350610733032, "_step": 18, "num_epochs": 162, "test_loss": 0.0004251384238402049, "test_accuracy": 0.8305952548980713, "_wandb": {"runtime": 20}}