{"time": 20.073822736740112, "train_loss_per_epoch": 2.4284273053386383e-05, "val_loss_per_epoch": 0.0005477574964364369, "train_loss_per_time": 2.4284273053386383e-05, "val_loss_per_time": 0.0005477574964364369, "train_accuracy_per_epoch": 0.9968750476837158, "val_accuracy_per_epoch": 0.7646428942680359, "train_accuracy_per_time": 0.9968750476837158, "val_accuracy_per_time": 0.7646428942680359, "_timestamp": 1708144117.2048984, "_runtime": 23.583099365234375, "_step": 19, "num_epochs": 180, "test_loss": 0.000523109237353007, "test_accuracy": 0.7527272701263428, "_wandb": {"runtime": 20}}