{"time": 20.001811027526855, "train_loss_per_epoch": 6.856974630084421e-06, "val_loss_per_epoch": 0.00029349900782108304, "train_loss_per_time": 6.856974630084421e-06, "val_loss_per_time": 0.00029349900782108304, "train_accuracy_per_epoch": 0.9972223043441772, "val_accuracy_per_epoch": 0.8724603652954102, "train_accuracy_per_time": 0.9972223043441772, "val_accuracy_per_time": 0.8724603652954102, "_timestamp": 1708110800.8142145, "_runtime": 22.58892250061035, "_step": 26, "num_epochs": 247, "test_loss": 0.00034119265774885813, "test_accuracy": 0.7574206590652466, "_wandb": {"runtime": 20}}