{"time": 20.020928859710693, "train_loss_per_epoch": 8.866458665579557e-07, "val_loss_per_epoch": 0.0003424756973981857, "train_loss_per_time": 8.866458665579557e-07, "val_loss_per_time": 0.0003424756973981857, "train_accuracy_per_epoch": 1.0000001192092896, "val_accuracy_per_epoch": 0.8427204489707947, "train_accuracy_per_time": 1.0000001192092896, "val_accuracy_per_time": 0.8427204489707947, "_timestamp": 1708116654.816019, "_runtime": 22.877243041992188, "_step": 24, "num_epochs": 225, "test_loss": 0.0002624432494242986, "test_accuracy": 0.8750001192092896, "_wandb": {"runtime": 20}}