{"time": 20.017627000808716, "train_loss_per_epoch": 0.0007795627202306475, "val_loss_per_epoch": 0.0010488902529080708, "train_loss_per_time": 0.0007795627202306475, "val_loss_per_time": 0.0010488902529080708, "train_accuracy_per_epoch": 0.20000000298023224, "val_accuracy_per_epoch": 0.20000000298023224, "train_accuracy_per_time": 0.20000000298023224, "val_accuracy_per_time": 0.20000000298023224, "_timestamp": 1708110338.0799499, "_runtime": 22.718594789505005, "_step": 63, "num_epochs": 615, "test_loss": 0.0012263457973798117, "test_accuracy": 0.1875, "_wandb": {"runtime": 20}}