{"time": 20.002906322479248, "train_loss_per_epoch": 0.00010197432445628302, "val_loss_per_epoch": 0.00040067600707213084, "train_loss_per_time": 0.00010197432445628302, "val_loss_per_time": 0.00040067600707213084, "train_accuracy_per_epoch": 0.9521280527114868, "val_accuracy_per_epoch": 0.7876374125480652, "train_accuracy_per_time": 0.9521280527114868, "val_accuracy_per_time": 0.7876374125480652, "_timestamp": 1708115617.617904, "_runtime": 22.063930988311768, "_step": 31, "num_epochs": 294, "test_loss": 0.0003721469392379125, "test_accuracy": 0.8361508250236511, "_wandb": {"runtime": 20}}