{"time": 18.141066551208496, "train_loss_per_epoch": 0.0006893800305468696, "val_loss_per_epoch": 0.007615147034327189, "train_loss_per_time": 0.0006893800305468696, "val_loss_per_time": 0.007615147034327189, "train_accuracy_per_epoch": 0.8014286160469055, "val_accuracy_per_epoch": 0.0, "train_accuracy_per_time": 0.8014286160469055, "val_accuracy_per_time": 0.0, "_timestamp": 1708205320.1609106, "_runtime": 20.33921766281128, "_step": 7, "_wandb": {"runtime": 18}}