{"time": 20.073867559432983, "train_loss_per_epoch": 4.804271605930158e-05, "val_loss_per_epoch": 0.0006596996883551279, "train_loss_per_time": 4.804271605930158e-05, "val_loss_per_time": 0.0006596996883551279, "train_accuracy_per_epoch": 0.9744360446929932, "val_accuracy_per_epoch": 0.662207841873169, "train_accuracy_per_time": 0.9744360446929932, "val_accuracy_per_time": 0.662207841873169, "_timestamp": 1708192370.0300314, "_runtime": 21.654731512069702, "_step": 29, "num_epochs": 272, "test_loss": 0.00032955306271711986, "test_accuracy": 0.8959091305732727, "_wandb": {"runtime": 20}}