{"time": 20.00043511390686, "train_loss_per_epoch": 3.7849308878971245e-05, "val_loss_per_epoch": 0.0008077431718508403, "train_loss_per_time": 3.7849308878971245e-05, "val_loss_per_time": 0.0008077431718508403, "train_accuracy_per_epoch": 0.9750478267669678, "val_accuracy_per_epoch": 0.6337301731109619, "train_accuracy_per_time": 0.9750478267669678, "val_accuracy_per_time": 0.6337301731109619, "_timestamp": 1708192270.4404023, "_runtime": 23.373610258102417, "_step": 129, "num_epochs": 1277, "test_loss": 0.0007210794587930044, "test_accuracy": 0.6943376064300537, "_wandb": {"runtime": 20}}