{"time": 301.49192476272583, "train_loss_per_epoch": 0.0017756143340042659, "val_loss_per_epoch": 0.0019078357617060343, "train_loss_per_time": 0.0017756143340042659, "val_loss_per_time": 0.0019078357617060343, "train_accuracy_per_epoch": 0.09999996423721313, "val_accuracy_per_epoch": 0.10000000894069672, "train_accuracy_per_time": 0.09999996423721313, "val_accuracy_per_time": 0.10000000894069672, "_timestamp": 1711991986.8949876, "_runtime": 305.21742248535156, "_step": 3, "num_epochs": 13, "test_loss": 0.0018450576663017273, "test_accuracy": 0.10000000894069672, "_wandb": {"runtime": 303}}