{"time": 20.015658140182495, "train_loss_per_epoch": 0.00016614463180303574, "val_loss_per_epoch": 0.0008778496583302816, "train_loss_per_time": 0.00016614463180303574, "val_loss_per_time": 0.0008778496583302816, "train_accuracy_per_epoch": 0.9431594014167786, "val_accuracy_per_epoch": 0.5492604374885559, "train_accuracy_per_time": 0.9431594014167786, "val_accuracy_per_time": 0.5492604374885559, "_timestamp": 1708145338.7351239, "_runtime": 23.439435958862305, "_step": 20, "num_epochs": 184, "test_loss": 0.0007052398721377055, "test_accuracy": 0.6428823471069336, "_wandb": {"runtime": 20}}