{"time": 20.063135862350464, "train_loss_per_epoch": 9.47788477476154e-05, "val_loss_per_epoch": 0.0003311147044102351, "train_loss_per_time": 9.47788477476154e-05, "val_loss_per_time": 0.0003311147044102351, "train_accuracy_per_epoch": 0.9897435903549194, "val_accuracy_per_epoch": 0.8638889193534851, "train_accuracy_per_time": 0.9897435903549194, "val_accuracy_per_time": 0.8638889193534851, "_timestamp": 1708110702.106507, "_runtime": 22.50685715675354, "_step": 15, "num_epochs": 133, "test_loss": 0.0003720388561487198, "test_accuracy": 0.8193254470825195, "_wandb": {"runtime": 20}}