{"time": 20.044671058654785, "train_loss_per_epoch": 0.00024581065135342736, "val_loss_per_epoch": 0.0006507573028405508, "train_loss_per_time": 0.00024581065135342736, "val_loss_per_time": 0.0006507573028405508, "train_accuracy_per_epoch": 0.8440655469894409, "val_accuracy_per_epoch": 0.6129761934280396, "train_accuracy_per_time": 0.8440655469894409, "val_accuracy_per_time": 0.6129761934280396, "_timestamp": 1708112208.237152, "_runtime": 22.214529037475586, "_step": 34, "num_epochs": 328, "test_loss": 0.0006693189839522043, "test_accuracy": 0.6701623201370239, "_wandb": {"runtime": 20}}