{"time": 20.001551389694214, "train_loss_per_epoch": 0.0001376175694167614, "val_loss_per_epoch": 0.0008788713812828064, "train_loss_per_time": 0.0001376175694167614, "val_loss_per_time": 0.0008788713812828064, "train_accuracy_per_epoch": 0.9115185141563416, "val_accuracy_per_epoch": 0.5611111521720886, "train_accuracy_per_time": 0.9115185141563416, "val_accuracy_per_time": 0.5611111521720886, "_timestamp": 1708116890.7440593, "_runtime": 22.36765432357788, "_step": 117, "num_epochs": 1151, "test_loss": 0.0006809080143769582, "test_accuracy": 0.599545419216156, "_wandb": {"runtime": 20}}