{"time": 60.067522287368774, "train_loss_per_epoch": 7.95971936895512e-08, "val_loss_per_epoch": 0.00037190452218055725, "train_loss_per_time": 7.95971936895512e-08, "val_loss_per_time": 0.00037190452218055725, "train_accuracy_per_epoch": 1.0000001192092896, "val_accuracy_per_epoch": 0.8011905550956726, "train_accuracy_per_time": 1.0000001192092896, "val_accuracy_per_time": 0.8011905550956726, "_timestamp": 1707844284.285109, "_runtime": 62.95198106765747, "_step": 79, "num_epochs": 775, "test_loss": 0.00024031559626261394, "test_accuracy": 0.8460317254066467, "_wandb": {"runtime": 60}}