{"time": 20.029540300369263, "train_loss_per_epoch": 1.6960652387102268e-06, "val_loss_per_epoch": 0.00031046065191427867, "train_loss_per_time": 1.6960652387102268e-06, "val_loss_per_time": 0.00031046065191427867, "train_accuracy_per_epoch": 1.0000001192092896, "val_accuracy_per_epoch": 0.8521825075149536, "train_accuracy_per_time": 1.0000001192092896, "val_accuracy_per_time": 0.8521825075149536, "_timestamp": 1708117546.2377014, "_runtime": 22.460736513137817, "_step": 29, "num_epochs": 277, "test_loss": 0.0002965753525495529, "test_accuracy": 0.8619444966316223, "_wandb": {"runtime": 20}}