{"time": 20.007632970809937, "train_loss_per_epoch": 0.0001578861049243382, "val_loss_per_epoch": 0.001204286813735962, "train_loss_per_time": 0.0001578861049243382, "val_loss_per_time": 0.001204286813735962, "train_accuracy_per_epoch": 0.8765363693237305, "val_accuracy_per_epoch": 0.44130954146385193, "train_accuracy_per_time": 0.8765363693237305, "val_accuracy_per_time": 0.44130954146385193, "_timestamp": 1708190513.7783458, "_runtime": 22.77832293510437, "_step": 65, "num_epochs": 640, "test_loss": 0.0012148457765579223, "test_accuracy": 0.4708153009414673, "_wandb": {"runtime": 20}}