{"time": 20.130298614501953, "train_loss_per_epoch": 0.0003550099368606295, "val_loss_per_epoch": 0.0006780638794104258, "train_loss_per_time": 0.0003550099368606295, "val_loss_per_time": 0.0006780638794104258, "train_accuracy_per_epoch": 0.7460967302322388, "val_accuracy_per_epoch": 0.6431457996368408, "train_accuracy_per_time": 0.7460967302322388, "val_accuracy_per_time": 0.6431457996368408, "_timestamp": 1708114900.412436, "_runtime": 24.26033592224121, "_step": 15, "num_epochs": 140, "test_loss": 0.0008596827586491903, "test_accuracy": 0.6238095164299011, "_wandb": {"runtime": 20}}