{"time": 20.003571271896362, "train_loss_per_epoch": 0.0007957377391202109, "val_loss_per_epoch": 0.0010778300960858664, "train_loss_per_time": 0.0007957377391202109, "val_loss_per_time": 0.0010778300960858664, "train_accuracy_per_epoch": 0.20000000298023224, "val_accuracy_per_epoch": 0.20000000298023224, "train_accuracy_per_time": 0.20000000298023224, "val_accuracy_per_time": 0.20000000298023224, "_timestamp": 1708114864.361546, "_runtime": 25.13821315765381, "_step": 65, "num_epochs": 633, "test_loss": 0.0010640758275985718, "test_accuracy": 0.20000000298023224, "_wandb": {"runtime": 20}}