{"time": 20.010876417160034, "train_loss_per_epoch": 3.5689486815369623e-06, "val_loss_per_epoch": 0.00029549342890580494, "train_loss_per_time": 3.5689486815369623e-06, "val_loss_per_time": 0.00029549342890580494, "train_accuracy_per_epoch": 0.9958333969116211, "val_accuracy_per_epoch": 0.8432828783988953, "train_accuracy_per_time": 0.9958333969116211, "val_accuracy_per_time": 0.8432828783988953, "_timestamp": 1708191568.2655282, "_runtime": 22.721561193466187, "_step": 52, "num_epochs": 510, "test_loss": 0.00030740285913149513, "test_accuracy": 0.8441558480262756, "_wandb": {"runtime": 20}}