{"time": 20.01663374900818, "train_loss_per_epoch": 0.0001704617642930576, "val_loss_per_epoch": 0.0004169529179732005, "train_loss_per_time": 0.0001704617642930576, "val_loss_per_time": 0.0004169529179732005, "train_accuracy_per_epoch": 0.9639984369277954, "val_accuracy_per_epoch": 0.7882539629936218, "train_accuracy_per_time": 0.9639984369277954, "val_accuracy_per_time": 0.7882539629936218, "_timestamp": 1708113499.2632792, "_runtime": 23.141282081604004, "_step": 17, "num_epochs": 156, "test_loss": 0.0004684022565682729, "test_accuracy": 0.7518254518508911, "_wandb": {"runtime": 20}}