{"time": 20.042196035385132, "train_loss_per_epoch": 1.5118113827026848e-06, "val_loss_per_epoch": 0.0003008916477362315, "train_loss_per_time": 1.5118113827026848e-06, "val_loss_per_time": 0.0003008916477362315, "train_accuracy_per_epoch": 1.0000001192092896, "val_accuracy_per_epoch": 0.8122979402542114, "train_accuracy_per_time": 1.0000001192092896, "val_accuracy_per_time": 0.8122979402542114, "_timestamp": 1708114290.4478626, "_runtime": 22.721181631088257, "_step": 23, "num_epochs": 220, "test_loss": 0.00041154724856217703, "test_accuracy": 0.7575756907463074, "_wandb": {"runtime": 20}}