{"time": 60.08220076560974, "train_loss_per_epoch": 9.822423495019653e-06, "val_loss_per_epoch": 0.0003377963850895564, "train_loss_per_time": 9.822423495019653e-06, "val_loss_per_time": 0.0003377963850895564, "train_accuracy_per_epoch": 0.9875001311302185, "val_accuracy_per_epoch": 0.8446428775787354, "train_accuracy_per_time": 0.9875001311302185, "val_accuracy_per_time": 0.8446428775787354, "_timestamp": 1707844072.317264, "_runtime": 62.1687490940094, "_step": 35, "num_epochs": 334, "test_loss": 0.00026372499763965606, "test_accuracy": 0.8067919015884399, "_wandb": {"runtime": 60}}