{"time": 59.490660429000854, "train_loss_per_epoch": 3.114817234615787e-09, "val_loss_per_epoch": 4.606140984429254e-06, "train_loss_vs_time": 3.114817234615787e-09, "val_loss_vs_time": 4.606140984429254e-06, "_timestamp": 1706741123.1371167, "_runtime": 62.825042724609375, "_step": 55, "test_loss": 0.00040390414496262867, "num_parameters": 315368, "_wandb": {"runtime": 60}}