{"time": 20.023311376571655, "train_loss_per_epoch": 3.454583134693426e-06, "val_loss_per_epoch": 0.0003600904097159704, "train_loss_per_time": 3.454583134693426e-06, "val_loss_per_time": 0.0003600904097159704, "train_accuracy_per_epoch": 0.9964286684989929, "val_accuracy_per_epoch": 0.8333332538604736, "train_accuracy_per_time": 0.9964286684989929, "val_accuracy_per_time": 0.8333332538604736, "_timestamp": 1708117515.3269804, "_runtime": 22.437748432159424, "_step": 67, "num_epochs": 652, "test_loss": 0.0003106316675742467, "test_accuracy": 0.8505555987358093, "_wandb": {"runtime": 20}}