{"time": 20.026363372802734, "train_loss_per_epoch": 0.0007516879907676152, "val_loss_per_epoch": 0.0011638039350509643, "train_loss_per_time": 0.0007516879907676152, "val_loss_per_time": 0.0011638039350509643, "train_accuracy_per_epoch": 0.20000000298023224, "val_accuracy_per_epoch": 0.20000000298023224, "train_accuracy_per_time": 0.20000000298023224, "val_accuracy_per_time": 0.20000000298023224, "_timestamp": 1708113336.1805382, "_runtime": 22.766117095947266, "_step": 123, "num_epochs": 1212, "test_loss": 0.0011958335836728415, "test_accuracy": 0.20000000298023224, "_wandb": {"runtime": 20}}