{"time": 20.012372255325317, "train_loss_per_epoch": 9.421463390546186e-05, "val_loss_per_epoch": 0.00034711182117462156, "train_loss_per_time": 9.421463390546186e-05, "val_loss_per_time": 0.00034711182117462156, "train_accuracy_per_epoch": 0.9804279804229736, "val_accuracy_per_epoch": 0.8962698578834534, "train_accuracy_per_time": 0.9804279804229736, "val_accuracy_per_time": 0.8962698578834534, "_timestamp": 1708110414.1610453, "_runtime": 22.91222333908081, "_step": 19, "num_epochs": 176, "test_loss": 0.00038831661144892376, "test_accuracy": 0.808961033821106, "_wandb": {"runtime": 20}}