{"time": 20.032808303833008, "train_loss_per_epoch": 3.873790447999324e-05, "val_loss_per_epoch": 0.0003564233332872391, "train_loss_per_time": 3.873790447999324e-05, "val_loss_per_time": 0.0003564233332872391, "train_accuracy_per_epoch": 0.989375114440918, "val_accuracy_per_epoch": 0.8457720279693604, "train_accuracy_per_time": 0.989375114440918, "val_accuracy_per_time": 0.8457720279693604, "_timestamp": 1708110215.2363453, "_runtime": 22.790780305862427, "_step": 22, "num_epochs": 204, "test_loss": 0.00045957714319229127, "test_accuracy": 0.8068253993988037, "_wandb": {"runtime": 20}}