{"time": 20.008548736572266, "train_loss_per_epoch": 1.0543707302791257e-05, "val_loss_per_epoch": 0.0004934843381245931, "train_loss_per_time": 1.0543707302791257e-05, "val_loss_per_time": 0.0004934843381245931, "train_accuracy_per_epoch": 0.9918750524520874, "val_accuracy_per_epoch": 0.7924999594688416, "train_accuracy_per_time": 0.9918750524520874, "val_accuracy_per_time": 0.7924999594688416, "_timestamp": 1708189250.0463877, "_runtime": 22.594226598739624, "_step": 158, "num_epochs": 1564, "test_loss": 0.0003353375693162282, "test_accuracy": 0.8122221827507019, "_wandb": {"runtime": 20}}