{"time": 328.75004291534424, "train_loss_per_epoch": 0.0009031497644526618, "val_loss_per_epoch": 0.0009628569781780243, "train_loss_per_time": 0.0009031497644526618, "val_loss_per_time": 0.0009628569781780243, "train_accuracy_per_epoch": 0.10325697809457779, "val_accuracy_per_epoch": 0.09995914995670319, "train_accuracy_per_time": 0.10325697809457779, "val_accuracy_per_time": 0.09995914995670319, "_timestamp": 1711988067.9734714, "_runtime": 332.9893925189972, "_step": 2, "num_epochs": 10, "test_loss": 0.0009649492005507151, "test_accuracy": 0.11094190925359726, "_wandb": {"runtime": 330}}