{"time": 599.7986304759979, "train_loss_per_epoch": 1.961519733941129e-10, "val_loss_per_epoch": 6.750487618976169e-06, "train_loss_vs_time": 1.961519733941129e-10, "val_loss_vs_time": 6.750487618976169e-06, "_timestamp": 1706825401.7822042, "_runtime": 602.6546070575714, "_step": 116, "test_loss": 0.00016444813460111618, "num_parameters": 124710, "_wandb": {"runtime": 600}}