{"time": 20.007169485092163, "train_loss_per_epoch": 0.0009467355694089617, "val_loss_per_epoch": 0.0011450987060864766, "train_loss_per_time": 0.0009467355694089617, "val_loss_per_time": 0.0011450987060864766, "train_accuracy_per_epoch": 0.10000000149011612, "val_accuracy_per_epoch": 0.10000000149011612, "train_accuracy_per_time": 0.10000000149011612, "val_accuracy_per_time": 0.10000000149011612, "_timestamp": 1708188208.8690042, "_runtime": 23.179765224456787, "_step": 29, "num_epochs": 271, "test_loss": 0.0011728187402089438, "test_accuracy": 0.10000000149011612, "_wandb": {"runtime": 20}}