{"time": 20.009366035461426, "train_loss_per_epoch": 0.0007982629324708666, "val_loss_per_epoch": 0.0011668866872787476, "train_loss_per_time": 0.0007982629324708666, "val_loss_per_time": 0.0011668866872787476, "train_accuracy_per_epoch": 0.20000000298023224, "val_accuracy_per_epoch": 0.20000000298023224, "train_accuracy_per_time": 0.20000000298023224, "val_accuracy_per_time": 0.20000000298023224, "_timestamp": 1708111837.9152164, "_runtime": 24.051167488098145, "_step": 39, "num_epochs": 379, "test_loss": 0.0009325569868087768, "test_accuracy": 0.20000000298023224, "_wandb": {"runtime": 20}}