{"time": 20.00702404975891, "train_loss_per_epoch": 2.864157511014907e-05, "val_loss_per_epoch": 0.0007768849035104116, "train_loss_per_time": 2.864157511014907e-05, "val_loss_per_time": 0.0007768849035104116, "train_accuracy_per_epoch": 0.9785985946655273, "val_accuracy_per_epoch": 0.6428788304328918, "train_accuracy_per_time": 0.9785985946655273, "val_accuracy_per_time": 0.6428788304328918, "_timestamp": 1708117320.3928976, "_runtime": 22.475371599197388, "_step": 188, "num_epochs": 1870, "test_loss": 0.0008279164632161458, "test_accuracy": 0.5996645092964172, "_wandb": {"runtime": 20}}