{"time": 60.0285062789917, "train_loss_per_epoch": 1.9906888805313168e-08, "val_loss_per_epoch": 0.0003388282656669617, "train_loss_per_time": 1.9906888805313168e-08, "val_loss_per_time": 0.0003388282656669617, "train_accuracy_per_epoch": 1.0000001192092896, "val_accuracy_per_epoch": 0.7821428775787354, "train_accuracy_per_time": 1.0000001192092896, "val_accuracy_per_time": 0.7821428775787354, "_timestamp": 1707844496.87099, "_runtime": 62.67817497253418, "_step": 82, "num_epochs": 806, "test_loss": 0.00023107796907424926, "test_accuracy": 0.8161172270774841, "_wandb": {"runtime": 60}}