{"time": 20.006879806518555, "train_loss_per_epoch": 0.0007081607516322817, "val_loss_per_epoch": 0.0009206244349479675, "train_loss_per_time": 0.0007081607516322817, "val_loss_per_time": 0.0009206244349479675, "train_accuracy_per_epoch": 0.20000000298023224, "val_accuracy_per_epoch": 0.20000000298023224, "train_accuracy_per_time": 0.20000000298023224, "val_accuracy_per_time": 0.20000000298023224, "_timestamp": 1708113721.436865, "_runtime": 23.44351816177368, "_step": 51, "num_epochs": 500, "test_loss": 0.0009649244944254557, "test_accuracy": 0.20000000298023224, "_wandb": {"runtime": 20}}