{"time": 20.021457195281982, "train_loss_per_epoch": 9.343015562210764e-05, "val_loss_per_epoch": 0.00041561315457026165, "train_loss_per_time": 9.343015562210764e-05, "val_loss_per_time": 0.00041561315457026165, "train_accuracy_per_epoch": 0.9678887128829956, "val_accuracy_per_epoch": 0.7978463172912598, "train_accuracy_per_time": 0.9678887128829956, "val_accuracy_per_time": 0.7978463172912598, "_timestamp": 1708143608.1347764, "_runtime": 22.783096313476562, "_step": 21, "num_epochs": 192, "test_loss": 0.00038357995450496676, "test_accuracy": 0.7734848856925964, "_wandb": {"runtime": 20}}