{"time": 20.001564979553223, "train_loss_per_epoch": 3.8391191830149705e-06, "val_loss_per_epoch": 0.0003454288343588511, "train_loss_per_time": 3.8391191830149705e-06, "val_loss_per_time": 0.0003454288343588511, "train_accuracy_per_epoch": 0.9975000619888306, "val_accuracy_per_epoch": 0.822857141494751, "train_accuracy_per_time": 0.9975000619888306, "val_accuracy_per_time": 0.822857141494751, "_timestamp": 1708112063.2408502, "_runtime": 23.564099311828613, "_step": 112, "num_epochs": 1103, "test_loss": 0.0002794712781906128, "test_accuracy": 0.8397980332374573, "_wandb": {"runtime": 20}}