{"time": 20.049787282943726, "train_loss_per_epoch": 4.757543693163565e-05, "val_loss_per_epoch": 0.0003623900810877482, "train_loss_per_time": 4.757543693163565e-05, "val_loss_per_time": 0.0003623900810877482, "train_accuracy_per_epoch": 0.9710318446159363, "val_accuracy_per_epoch": 0.8191143274307251, "train_accuracy_per_time": 0.9710318446159363, "val_accuracy_per_time": 0.8191143274307251, "_timestamp": 1708114367.046231, "_runtime": 22.96576714515686, "_step": 24, "num_epochs": 228, "test_loss": 0.00045579835772514344, "test_accuracy": 0.7955555319786072, "_wandb": {"runtime": 20}}