{"time": 20.03652548789978, "train_loss_per_epoch": 3.563986254968248e-06, "val_loss_per_epoch": 0.00029624752700328826, "train_loss_per_time": 3.563986254968248e-06, "val_loss_per_time": 0.00029624752700328826, "train_accuracy_per_epoch": 0.9972223043441772, "val_accuracy_per_epoch": 0.8265801072120667, "train_accuracy_per_time": 0.9972223043441772, "val_accuracy_per_time": 0.8265801072120667, "_timestamp": 1708113245.965377, "_runtime": 22.64899206161499, "_step": 57, "num_epochs": 551, "test_loss": 0.00037107065320014955, "test_accuracy": 0.7725000381469727, "_wandb": {"runtime": 20}}