{"time": 20.342637062072754, "train_loss_per_epoch": 0.00043227413935320716, "val_loss_per_epoch": 0.0005913656453291575, "train_loss_per_time": 0.00043227413935320716, "val_loss_per_time": 0.0005913656453291575, "train_accuracy_per_epoch": 0.7431148290634155, "val_accuracy_per_epoch": 0.7152701616287231, "train_accuracy_per_time": 0.7431148290634155, "val_accuracy_per_time": 0.7152701616287231, "_timestamp": 1708190896.9590402, "_runtime": 22.978719234466553, "_step": 10, "num_epochs": 83, "test_loss": 0.000608583390712738, "test_accuracy": 0.6255952715873718, "_wandb": {"runtime": 20}}