{"time": 20.012474060058594, "train_loss_per_epoch": 0.00041499861649104525, "val_loss_per_epoch": 0.0009901543458302815, "train_loss_per_time": 0.00041499861649104525, "val_loss_per_time": 0.0009901543458302815, "train_accuracy_per_epoch": 0.7694827318191528, "val_accuracy_per_epoch": 0.42415758967399597, "train_accuracy_per_time": 0.7694827318191528, "val_accuracy_per_time": 0.42415758967399597, "_timestamp": 1708116590.4480736, "_runtime": 22.593989610671997, "_step": 114, "num_epochs": 1128, "test_loss": 0.0009051802754402161, "test_accuracy": 0.47613638639450073, "_wandb": {"runtime": 20}}