{"time": 20.0649995803833, "train_loss_per_epoch": 1.771775007780109e-06, "val_loss_per_epoch": 0.000603279968102773, "train_loss_per_time": 1.771775007780109e-06, "val_loss_per_time": 0.000603279968102773, "train_accuracy_per_epoch": 1.0000001192092896, "val_accuracy_per_epoch": 0.6891414523124695, "train_accuracy_per_time": 1.0000001192092896, "val_accuracy_per_time": 0.6891414523124695, "_timestamp": 1708144427.236221, "_runtime": 22.93781018257141, "_step": 22, "num_epochs": 207, "test_loss": 0.0003917402029037476, "test_accuracy": 0.7949531674385071, "_wandb": {"runtime": 20}}