{"time": 20.00456976890564, "train_loss_per_epoch": 6.843595652169045e-06, "val_loss_per_epoch": 0.0002318170169989268, "train_loss_per_time": 6.843595652169045e-06, "val_loss_per_time": 0.0002318170169989268, "train_accuracy_per_epoch": 0.9940973520278931, "val_accuracy_per_epoch": 0.8383333683013916, "train_accuracy_per_time": 0.9940973520278931, "val_accuracy_per_time": 0.8383333683013916, "_timestamp": 1708190712.97674, "_runtime": 26.121023893356323, "_step": 179, "num_epochs": 1775, "test_loss": 0.0003555862108866374, "test_accuracy": 0.8535317778587341, "_wandb": {"runtime": 20}}