{"time": 5.654067516326904, "train_loss_per_epoch": 0.0008498939658914293, "val_loss_per_epoch": 0.17500001192092896, "train_loss_per_time": 0.0008498939658914293, "val_loss_per_time": 0.17500001192092896, "train_accuracy_per_epoch": 0.20000000298023224, "val_accuracy_per_epoch": 0.0010582678516705831, "train_accuracy_per_time": 0.20000000298023224, "val_accuracy_per_time": 0.0010582678516705831, "_timestamp": 1707797673.1148791, "_runtime": 9.597729206085205, "_step": 6, "num_epochs": 50, "test_loss": 0.2777777910232544, "test_accuracy": 0.0009754133224487304, "_wandb": {"runtime": 5}}