{"time": 20.016193389892578, "train_loss_per_epoch": 6.869151364493778e-06, "val_loss_per_epoch": 0.0005595098435878754, "train_loss_per_time": 6.869151364493778e-06, "val_loss_per_time": 0.0005595098435878754, "train_accuracy_per_epoch": 0.9968751668930054, "val_accuracy_per_epoch": 0.7779293060302734, "train_accuracy_per_time": 0.9968751668930054, "val_accuracy_per_time": 0.7779293060302734, "_timestamp": 1708111738.4101005, "_runtime": 22.97603940963745, "_step": 129, "num_epochs": 1273, "test_loss": 0.00018711615353822708, "test_accuracy": 0.9183333516120911, "_wandb": {"runtime": 20}}