{"time": 20.00049066543579, "train_loss_per_epoch": 4.637042426371149e-05, "val_loss_per_epoch": 0.00041400874654452005, "train_loss_per_time": 4.637042426371149e-05, "val_loss_per_time": 0.00041400874654452005, "train_accuracy_per_epoch": 0.9799045324325562, "val_accuracy_per_epoch": 0.7817460894584656, "train_accuracy_per_time": 0.9799045324325562, "val_accuracy_per_time": 0.7817460894584656, "_timestamp": 1708187895.1327386, "_runtime": 26.819981575012207, "_step": 25, "num_epochs": 232, "test_loss": 0.0003417455156644185, "test_accuracy": 0.7811111807823181, "_wandb": {"runtime": 20}}