{"time": 20.00267791748047, "train_loss_per_epoch": 1.5669968478115543e-05, "val_loss_per_epoch": 0.0004965748389561971, "train_loss_per_time": 1.5669968478115543e-05, "val_loss_per_time": 0.0004965748389561971, "train_accuracy_per_epoch": 0.9917978644371033, "val_accuracy_per_epoch": 0.7403174638748169, "train_accuracy_per_time": 0.9917978644371033, "val_accuracy_per_time": 0.7403174638748169, "_timestamp": 1708110736.2184343, "_runtime": 22.525137424468994, "_step": 101, "num_epochs": 991, "test_loss": 0.0004358030358950297, "test_accuracy": 0.7415873408317566, "_wandb": {"runtime": 20}}