{"time": 20.195342302322388, "train_loss_per_epoch": 0.0001532532727079732, "val_loss_per_epoch": 0.00038845357795556386, "train_loss_per_time": 0.0001532532727079732, "val_loss_per_time": 0.00038845357795556386, "train_accuracy_per_epoch": 0.9619129300117493, "val_accuracy_per_epoch": 0.8016666769981384, "train_accuracy_per_time": 0.9619129300117493, "val_accuracy_per_time": 0.8016666769981384, "_timestamp": 1708112878.1232562, "_runtime": 23.708385229110718, "_step": 8, "num_epochs": 69, "test_loss": 0.0002841548373301824, "test_accuracy": 0.9040801525115967, "_wandb": {"runtime": 20}}