{"time": 1.0719995498657227, "train_loss_per_epoch": 0.00020982947200536727, "val_loss_per_epoch": 0.6652349829673767, "train_loss_per_time": 0.00020982947200536727, "val_loss_per_time": 0.6652349829673767, "train_accuracy_per_epoch": 0.8738627433776855, "val_accuracy_per_epoch": 0.00048763121167818706, "train_accuracy_per_time": 0.8738627433776855, "val_accuracy_per_time": 0.00048763121167818706, "_timestamp": 1707797776.1119373, "_runtime": 4.494699239730835, "_step": 6, "num_epochs": 50, "test_loss": 0.8233730792999268, "test_accuracy": 0.00036491076151529947, "_wandb": {"runtime": 1}}