{"time": 20.02414035797119, "train_loss_per_epoch": 3.063302045380364e-05, "val_loss_per_epoch": 0.0007049094140529632, "train_loss_per_time": 3.063302045380364e-05, "val_loss_per_time": 0.0007049094140529632, "train_accuracy_per_epoch": 0.9782341718673706, "val_accuracy_per_epoch": 0.6624999642372131, "train_accuracy_per_time": 0.9782341718673706, "val_accuracy_per_time": 0.6624999642372131, "_timestamp": 1708116180.9336886, "_runtime": 22.779138565063477, "_step": 57, "num_epochs": 553, "test_loss": 0.0006982717414697012, "test_accuracy": 0.6975721120834351, "_wandb": {"runtime": 20}}