{"time": 20.23334550857544, "train_loss_per_epoch": 0.00032428215656961714, "val_loss_per_epoch": 0.007562329371770223, "train_loss_per_time": 0.00032428215656961714, "val_loss_per_time": 0.007562329371770223, "train_accuracy_per_epoch": 0.8676588535308838, "val_accuracy_per_epoch": 0.14814814925193787, "train_accuracy_per_time": 0.8676588535308838, "val_accuracy_per_time": 0.14814814925193787, "_timestamp": 1708205809.1808605, "_runtime": 22.49202060699463, "_step": 7, "num_epochs": 54, "test_loss": 0.007728670537471771, "test_accuracy": 0.06481481343507767, "_wandb": {"runtime": 20}}