{"num_epochs": 0, "time": 531.274719953537, "_timestamp": 1711992655.102435, "_runtime": 569.9822511672974, "_step": 1, "test_loss": 0.000960181713104248, "test_accuracy": 0.09910714626312256, "_wandb": {"runtime": 568}}