{"time": 20.037139654159546, "train_loss_per_epoch": 5.012745386920869e-06, "val_loss_per_epoch": 0.00048153847455978394, "train_loss_per_time": 5.012745386920869e-06, "val_loss_per_time": 0.00048153847455978394, "train_accuracy_per_epoch": 0.9977273941040039, "val_accuracy_per_epoch": 0.7561630606651306, "train_accuracy_per_time": 0.9977273941040039, "val_accuracy_per_time": 0.7561630606651306, "_timestamp": 1708113895.551457, "_runtime": 23.21973991394043, "_step": 23, "num_epochs": 217, "test_loss": 0.00023679204285144805, "test_accuracy": 0.928246796131134, "_wandb": {"runtime": 20}}