{"time": 20.010873556137085, "train_loss_per_epoch": 3.968939139407926e-05, "val_loss_per_epoch": 0.0005707523723443349, "train_loss_per_time": 3.968939139407926e-05, "val_loss_per_time": 0.0005707523723443349, "train_accuracy_per_epoch": 0.972500205039978, "val_accuracy_per_epoch": 0.7053895592689514, "train_accuracy_per_time": 0.972500205039978, "val_accuracy_per_time": 0.7053895592689514, "_timestamp": 1708115369.7949684, "_runtime": 22.662424325942993, "_step": 116, "num_epochs": 1142, "test_loss": 0.0005967595676581065, "test_accuracy": 0.7384126782417297, "_wandb": {"runtime": 20}}