{"time": 20.007776498794556, "train_loss_per_epoch": 3.288223187415237e-06, "val_loss_per_epoch": 0.0005023326973120372, "train_loss_per_time": 3.288223187415237e-06, "val_loss_per_time": 0.0005023326973120372, "train_accuracy_per_epoch": 0.9972223043441772, "val_accuracy_per_epoch": 0.7325252890586853, "train_accuracy_per_time": 0.9972223043441772, "val_accuracy_per_time": 0.7325252890586853, "_timestamp": 1708144360.2570589, "_runtime": 22.99766993522644, "_step": 111, "num_epochs": 1095, "test_loss": 0.0003895718604326248, "test_accuracy": 0.7846356630325317, "_wandb": {"runtime": 20}}