{"time": 3.161395788192749, "train_loss_per_epoch": 0.0007598130830696651, "val_loss_per_epoch": 0.0009179945786794027, "train_loss_per_time": 0.0007598130830696651, "val_loss_per_time": 0.0009179945786794027, "train_accuracy_per_epoch": 0.3779599368572235, "val_accuracy_per_epoch": 0.40320512652397156, "train_accuracy_per_time": 0.3779599368572235, "val_accuracy_per_time": 0.40320512652397156, "_timestamp": 1707841613.7899878, "_runtime": 5.326456785202026, "_step": 6, "num_epochs": 50, "test_loss": 0.0009452057878176372, "test_accuracy": 0.5132142901420593, "_wandb": {"runtime": 3}}