{"time": 5.631355285644531, "train_loss_per_epoch": 0.00031899032316037585, "val_loss_per_epoch": 0.8138675093650818, "train_loss_per_time": 0.00031899032316037585, "val_loss_per_time": 0.8138675093650818, "train_accuracy_per_epoch": 0.9005042314529419, "val_accuracy_per_epoch": 0.0005849608778953552, "train_accuracy_per_time": 0.9005042314529419, "val_accuracy_per_time": 0.0005849608778953552, "_timestamp": 1707797808.8606305, "_runtime": 8.906437397003174, "_step": 6, "num_epochs": 50, "test_loss": 0.8403174877166748, "test_accuracy": 0.00047036975622177123, "_wandb": {"runtime": 5}}