{"time": 20.033325672149658, "train_loss_per_epoch": 5.1902718842029574e-05, "val_loss_per_epoch": 0.00036121249198913576, "train_loss_per_time": 5.1902718842029574e-05, "val_loss_per_time": 0.00036121249198913576, "train_accuracy_per_epoch": 0.9762408137321472, "val_accuracy_per_epoch": 0.8108333349227905, "train_accuracy_per_time": 0.9762408137321472, "val_accuracy_per_time": 0.8108333349227905, "_timestamp": 1708190555.828773, "_runtime": 22.111289024353027, "_step": 36, "num_epochs": 348, "test_loss": 0.0003989154348770777, "test_accuracy": 0.8207539319992065, "_wandb": {"runtime": 20}}