{"time": 20.01302981376648, "train_loss_per_epoch": 3.3481170487448255e-06, "val_loss_per_epoch": 0.00036527032653490703, "train_loss_per_time": 3.3481170487448255e-06, "val_loss_per_time": 0.00036527032653490703, "train_accuracy_per_epoch": 0.9982143640518188, "val_accuracy_per_epoch": 0.8036869168281555, "train_accuracy_per_time": 0.9982143640518188, "val_accuracy_per_time": 0.8036869168281555, "_timestamp": 1708114229.252456, "_runtime": 23.083569049835205, "_step": 125, "num_epochs": 1234, "test_loss": 0.00036580105622609454, "test_accuracy": 0.8250756859779358, "_wandb": {"runtime": 20}}