{"time": 20.104003190994263, "train_loss_per_epoch": 3.45300736704043e-05, "val_loss_per_epoch": 0.0003963282952706019, "train_loss_per_time": 3.45300736704043e-05, "val_loss_per_time": 0.0003963282952706019, "train_accuracy_per_epoch": 1.0000001192092896, "val_accuracy_per_epoch": 0.8139285445213318, "train_accuracy_per_time": 1.0000001192092896, "val_accuracy_per_time": 0.8139285445213318, "_timestamp": 1708144020.9026, "_runtime": 23.403342962265015, "_step": 18, "num_epochs": 161, "test_loss": 0.00027181821564833323, "test_accuracy": 0.8457070589065552, "_wandb": {"runtime": 20}}