{"time": 311.13723731040955, "train_loss_per_epoch": 0.0017620339393615723, "val_loss_per_epoch": 0.0018528518478075663, "train_loss_per_time": 0.0017620339393615723, "val_loss_per_time": 0.0018528518478075663, "train_accuracy_per_epoch": 0.09999996423721313, "val_accuracy_per_epoch": 0.10000000894069672, "train_accuracy_per_time": 0.09999996423721313, "val_accuracy_per_time": 0.10000000894069672, "_timestamp": 1708209149.930843, "_runtime": 315.12808322906494, "_step": 3, "num_epochs": 12, "test_loss": 0.001886436939239502, "test_accuracy": 0.10000000894069672, "_wandb": {"runtime": 312}}