{"time": 20.022210836410522, "train_loss_per_epoch": 4.986890924296209e-05, "val_loss_per_epoch": 0.00035786074896653494, "train_loss_per_time": 4.986890924296209e-05, "val_loss_per_time": 0.00035786074896653494, "train_accuracy_per_epoch": 0.9793831706047058, "val_accuracy_per_epoch": 0.7687820792198181, "train_accuracy_per_time": 0.9793831706047058, "val_accuracy_per_time": 0.7687820792198181, "_timestamp": 1708145728.3537576, "_runtime": 22.72812271118164, "_step": 27, "num_epochs": 257, "test_loss": 0.00043550238013267517, "test_accuracy": 0.7710316777229309, "_wandb": {"runtime": 20}}