{"time": 20.026870727539062, "train_loss_per_epoch": 0.0009424891216414315, "val_loss_per_epoch": 0.0011363080143928527, "train_loss_per_time": 0.0009424891216414315, "val_loss_per_time": 0.0011363080143928527, "train_accuracy_per_epoch": 0.18995097279548645, "val_accuracy_per_epoch": 0.17571428418159485, "train_accuracy_per_time": 0.18995097279548645, "val_accuracy_per_time": 0.17571428418159485, "_timestamp": 1708110088.3590043, "_runtime": 21.918520212173462, "_step": 57, "num_epochs": 551, "test_loss": 0.0011462800701459248, "test_accuracy": 0.125, "_wandb": {"runtime": 20}}