{"time": 20.024247646331787, "train_loss_per_epoch": 6.178494542837143e-05, "val_loss_per_epoch": 0.000438683678706487, "train_loss_per_time": 6.178494542837143e-05, "val_loss_per_time": 0.000438683678706487, "train_accuracy_per_epoch": 0.9924495220184326, "val_accuracy_per_epoch": 0.7860623002052307, "train_accuracy_per_time": 0.9924495220184326, "val_accuracy_per_time": 0.7860623002052307, "_timestamp": 1708144543.5669904, "_runtime": 23.419779300689697, "_step": 12, "num_epochs": 103, "test_loss": 0.00040847952167193097, "test_accuracy": 0.8262662887573242, "_wandb": {"runtime": 20}}