{"time": 20.03909134864807, "train_loss_per_epoch": 0.0001252547704747745, "val_loss_per_epoch": 0.0005373013019561768, "train_loss_per_time": 0.0001252547704747745, "val_loss_per_time": 0.0005373013019561768, "train_accuracy_per_epoch": 0.9296841025352478, "val_accuracy_per_epoch": 0.6713383793830872, "train_accuracy_per_time": 0.9296841025352478, "val_accuracy_per_time": 0.6713383793830872, "_timestamp": 1708117116.364095, "_runtime": 21.55809998512268, "_step": 37, "num_epochs": 355, "test_loss": 0.0006549712518850962, "test_accuracy": 0.6351515054702759, "_wandb": {"runtime": 20}}