{"time": 20.014881134033203, "train_loss_per_epoch": 6.8605006812764e-06, "val_loss_per_epoch": 0.00041104522844155627, "train_loss_per_time": 6.8605006812764e-06, "val_loss_per_time": 0.00041104522844155627, "train_accuracy_per_epoch": 0.9944444894790649, "val_accuracy_per_epoch": 0.8384920954704285, "train_accuracy_per_time": 0.9944444894790649, "val_accuracy_per_time": 0.8384920954704285, "_timestamp": 1708142625.500581, "_runtime": 22.741770029067993, "_step": 57, "num_epochs": 557, "test_loss": 0.00041671271125475563, "test_accuracy": 0.7393651604652405, "_wandb": {"runtime": 20}}