{"test_loss": 0.08608800917863846, "_timestamp": 1706726747.2379997, "_runtime": 6.060075759887695, "_step": 0, "_wandb": {"runtime": 2}}