{"time": 20.003233194351196, "train_loss_per_epoch": 3.3383439586032185e-08, "val_loss_per_epoch": 0.00040145022173722583, "train_loss_per_time": 3.3383439586032185e-08, "val_loss_per_time": 0.00040145022173722583, "train_accuracy_per_epoch": 1.0000001192092896, "val_accuracy_per_epoch": 0.8157142400741577, "train_accuracy_per_time": 1.0000001192092896, "val_accuracy_per_time": 0.8157142400741577, "_timestamp": 1708144052.5298278, "_runtime": 23.02555274963379, "_step": 111, "num_epochs": 1095, "test_loss": 0.00030761127670605976, "test_accuracy": 0.8057900667190552, "_wandb": {"runtime": 20}}