{"time": 20.038483142852783, "train_loss_per_epoch": 0.0007748536126954215, "val_loss_per_epoch": 0.0011231325070063273, "train_loss_per_time": 0.0007748536126954215, "val_loss_per_time": 0.0011231325070063273, "train_accuracy_per_epoch": 0.20000000298023224, "val_accuracy_per_epoch": 0.20000000298023224, "train_accuracy_per_time": 0.20000000298023224, "val_accuracy_per_time": 0.20000000298023224, "_timestamp": 1708113407.2052038, "_runtime": 24.77172875404358, "_step": 27, "num_epochs": 258, "test_loss": 0.0011507777372996013, "test_accuracy": 0.20000000298023224, "_wandb": {"runtime": 20}}