{"time": 20.006919145584106, "train_loss_per_epoch": 6.744640455248633e-06, "val_loss_per_epoch": 0.00027947870393594106, "train_loss_per_time": 6.744640455248633e-06, "val_loss_per_time": 0.00027947870393594106, "train_accuracy_per_epoch": 0.9875001311302185, "val_accuracy_per_epoch": 0.8854618072509766, "train_accuracy_per_time": 0.9875001311302185, "val_accuracy_per_time": 0.8854618072509766, "_timestamp": 1708114766.2082794, "_runtime": 22.561593294143677, "_step": 66, "num_epochs": 650, "test_loss": 0.00024129875004291534, "test_accuracy": 0.8887301683425903, "_wandb": {"runtime": 20}}