{"time": 20.14908003807068, "train_loss_per_epoch": 6.269665035818305e-05, "val_loss_per_epoch": 0.0003190674881140391, "train_loss_per_time": 6.269665035818305e-05, "val_loss_per_time": 0.0003190674881140391, "train_accuracy_per_epoch": 0.969783365726471, "val_accuracy_per_epoch": 0.8628499507904053, "train_accuracy_per_time": 0.969783365726471, "val_accuracy_per_time": 0.8628499507904053, "_timestamp": 1708117146.2274094, "_runtime": 22.321873426437378, "_step": 15, "num_epochs": 132, "test_loss": 0.00038041643798351286, "test_accuracy": 0.763647198677063, "_wandb": {"runtime": 20}}