{"time": 598.966965675354, "train_loss_per_epoch": 1.3306352844974104e-10, "val_loss_per_epoch": 6.847172313266329e-06, "train_loss_vs_time": 1.3306352844974104e-10, "val_loss_vs_time": 6.847172313266329e-06, "_timestamp": 1707016981.9580972, "_runtime": 602.7947072982788, "_step": 121, "test_loss": 0.00021393316487471262, "num_parameters": 124710, "_wandb": {"runtime": 600}}