{"time": 20.09050226211548, "train_loss_per_epoch": 1.3322845084725747e-05, "val_loss_per_epoch": 0.0003232471396525701, "train_loss_per_time": 1.3322845084725747e-05, "val_loss_per_time": 0.0003232471396525701, "train_accuracy_per_epoch": 0.9928572177886963, "val_accuracy_per_epoch": 0.7978535890579224, "train_accuracy_per_time": 0.9928572177886963, "val_accuracy_per_time": 0.7978535890579224, "_timestamp": 1708145645.9695332, "_runtime": 23.219826221466064, "_step": 19, "num_epochs": 178, "test_loss": 0.00044778833786646524, "test_accuracy": 0.7468253970146179, "_wandb": {"runtime": 20}}