{"time": 20.009328842163086, "train_loss_per_epoch": 2.6627075793450266e-05, "val_loss_per_epoch": 0.0005784098307291667, "train_loss_per_time": 2.6627075793450266e-05, "val_loss_per_time": 0.0005784098307291667, "train_accuracy_per_epoch": 0.9794642925262451, "val_accuracy_per_epoch": 0.7562626004219055, "train_accuracy_per_time": 0.9794642925262451, "val_accuracy_per_time": 0.7562626004219055, "_timestamp": 1708112725.4227152, "_runtime": 22.932108163833618, "_step": 162, "num_epochs": 1601, "test_loss": 0.0007418060799439749, "test_accuracy": 0.6483333706855774, "_wandb": {"runtime": 20}}