{"time": 20.028549432754517, "train_loss_per_epoch": 4.181866999715567e-05, "val_loss_per_epoch": 0.00028031140565872194, "train_loss_per_time": 4.181866999715567e-05, "val_loss_per_time": 0.00028031140565872194, "train_accuracy_per_epoch": 0.9728156924247742, "val_accuracy_per_epoch": 0.8272222280502319, "train_accuracy_per_time": 0.9728156924247742, "val_accuracy_per_time": 0.8272222280502319, "_timestamp": 1708190746.6580527, "_runtime": 22.601582765579224, "_step": 123, "num_epochs": 1213, "test_loss": 0.0008787874380747477, "test_accuracy": 0.6149999499320984, "_wandb": {"runtime": 20}}