{"time": 20.00149178504944, "train_loss_per_epoch": 0.0007169074884482792, "val_loss_per_epoch": 0.001013267735640208, "train_loss_per_time": 0.0007169074884482792, "val_loss_per_time": 0.001013267735640208, "train_accuracy_per_epoch": 0.4651205837726593, "val_accuracy_per_epoch": 0.3617929518222809, "train_accuracy_per_time": 0.4651205837726593, "val_accuracy_per_time": 0.3617929518222809, "_timestamp": 1708111581.7693064, "_runtime": 22.175806522369385, "_step": 49, "num_epochs": 471, "test_loss": 0.0008252233266830445, "test_accuracy": 0.4113578200340271, "_wandb": {"runtime": 20}}