{"time": 20.084959030151367, "train_loss_per_epoch": 0.00014136260375380516, "val_loss_per_epoch": 0.00042656590541203816, "train_loss_per_time": 0.00014136260375380516, "val_loss_per_time": 0.00042656590541203816, "train_accuracy_per_epoch": 0.9724702835083008, "val_accuracy_per_epoch": 0.7446428537368774, "train_accuracy_per_time": 0.9724702835083008, "val_accuracy_per_time": 0.7446428537368774, "_timestamp": 1708143915.1911838, "_runtime": 23.377976894378662, "_step": 12, "num_epochs": 101, "test_loss": 0.00037105754017829895, "test_accuracy": 0.8322979211807251, "_wandb": {"runtime": 20}}