{"time": 20.02984619140625, "train_loss_per_epoch": 0.0007106522044965199, "val_loss_per_epoch": 0.0011158961057662964, "train_loss_per_time": 0.0007106522044965199, "val_loss_per_time": 0.0011158961057662964, "train_accuracy_per_epoch": 0.20000000298023224, "val_accuracy_per_epoch": 0.1875, "train_accuracy_per_time": 0.20000000298023224, "val_accuracy_per_time": 0.1875, "_timestamp": 1708191724.8608203, "_runtime": 23.02549123764038, "_step": 50, "num_epochs": 482, "test_loss": 0.001087828278541565, "test_accuracy": 0.20000000298023224, "_wandb": {"runtime": 20}}