{"time": 20.001961946487427, "train_loss_per_epoch": 1.8330429676487777e-07, "val_loss_per_epoch": 0.0003770096848408381, "train_loss_per_time": 1.8330429676487777e-07, "val_loss_per_time": 0.0003770096848408381, "train_accuracy_per_epoch": 1.0000001192092896, "val_accuracy_per_epoch": 0.7925325036048889, "train_accuracy_per_time": 1.0000001192092896, "val_accuracy_per_time": 0.7925325036048889, "_timestamp": 1708111082.474039, "_runtime": 22.66987109184265, "_step": 56, "num_epochs": 548, "test_loss": 0.0002591135601202647, "test_accuracy": 0.8316234946250916, "_wandb": {"runtime": 20}}