{"time": 20.047983407974243, "train_loss_per_epoch": 0.0007084472051688603, "val_loss_per_epoch": 0.0010121114055315654, "train_loss_per_time": 0.0007084472051688603, "val_loss_per_time": 0.0010121114055315654, "train_accuracy_per_epoch": 0.20000000298023224, "val_accuracy_per_epoch": 0.20000000298023224, "train_accuracy_per_time": 0.20000000298023224, "val_accuracy_per_time": 0.20000000298023224, "_timestamp": 1708145369.8262365, "_runtime": 22.93707251548767, "_step": 43, "num_epochs": 414, "test_loss": 0.0009623268246650696, "test_accuracy": 0.20000000298023224, "_wandb": {"runtime": 20}}