{"time": 20.008119344711304, "train_loss_per_epoch": 3.60369088736791e-06, "val_loss_per_epoch": 0.0002981419116258621, "train_loss_per_time": 3.60369088736791e-06, "val_loss_per_time": 0.0002981419116258621, "train_accuracy_per_epoch": 0.9937500953674316, "val_accuracy_per_epoch": 0.858458399772644, "train_accuracy_per_time": 0.9937500953674316, "val_accuracy_per_time": 0.858458399772644, "_timestamp": 1708115173.0538816, "_runtime": 23.86012053489685, "_step": 98, "num_epochs": 965, "test_loss": 0.0005857513348261515, "test_accuracy": 0.7743452787399292, "_wandb": {"runtime": 20}}