{"time": 20.01393437385559, "train_loss_per_epoch": 0.0010254826290266854, "val_loss_per_epoch": 0.0011987216273943583, "train_loss_per_time": 0.0010254826290266854, "val_loss_per_time": 0.0011987216273943583, "train_accuracy_per_epoch": 0.10000000149011612, "val_accuracy_per_epoch": 0.10000000149011612, "train_accuracy_per_time": 0.10000000149011612, "val_accuracy_per_time": 0.10000000149011612, "_timestamp": 1708143357.2781749, "_runtime": 21.733094930648804, "_step": 157, "num_epochs": 1555, "test_loss": 0.001202557881673177, "test_accuracy": 0.10000000149011612, "_wandb": {"runtime": 20}}