{"time": 20.023122787475586, "train_loss_per_epoch": 1.2489777327573393e-05, "val_loss_per_epoch": 0.00038559861481189726, "train_loss_per_time": 1.2489777327573393e-05, "val_loss_per_time": 0.00038559861481189726, "train_accuracy_per_epoch": 0.9909722805023193, "val_accuracy_per_epoch": 0.7846428751945496, "train_accuracy_per_time": 0.9909722805023193, "val_accuracy_per_time": 0.7846428751945496, "_timestamp": 1708112308.7991476, "_runtime": 22.822117567062378, "_step": 46, "num_epochs": 441, "test_loss": 0.0005154248575369517, "test_accuracy": 0.7939429879188538, "_wandb": {"runtime": 20}}