{"time": 20.015429735183716, "train_loss_per_epoch": 3.351124359401833e-06, "val_loss_per_epoch": 0.0004618081450462341, "train_loss_per_time": 3.351124359401833e-06, "val_loss_per_time": 0.0004618081450462341, "train_accuracy_per_epoch": 0.9972223043441772, "val_accuracy_per_epoch": 0.7989285588264465, "train_accuracy_per_time": 0.9972223043441772, "val_accuracy_per_time": 0.7989285588264465, "_timestamp": 1708188602.6674592, "_runtime": 23.67401432991028, "_step": 68, "num_epochs": 666, "test_loss": 0.0002756923188765844, "test_accuracy": 0.8318182229995728, "_wandb": {"runtime": 20}}