{"time": 20.028048276901245, "train_loss_per_epoch": 5.767875035027308e-06, "val_loss_per_epoch": 0.00041299688319365184, "train_loss_per_time": 5.767875035027308e-06, "val_loss_per_time": 0.00041299688319365184, "train_accuracy_per_epoch": 0.9950001239776611, "val_accuracy_per_epoch": 0.8484523892402649, "train_accuracy_per_time": 0.9950001239776611, "val_accuracy_per_time": 0.8484523892402649, "_timestamp": 1708191287.852707, "_runtime": 22.547847986221313, "_step": 26, "num_epochs": 246, "test_loss": 0.0003723362336556117, "test_accuracy": 0.8399603366851807, "_wandb": {"runtime": 20}}