{"time": 20.195003271102905, "train_loss_per_epoch": 0.0008980886744601386, "val_loss_per_epoch": 0.0012045644223690033, "train_loss_per_time": 0.0008980886744601386, "val_loss_per_time": 0.0012045644223690033, "train_accuracy_per_epoch": 0.13790808618068695, "val_accuracy_per_epoch": 0.11339285969734192, "train_accuracy_per_time": 0.13790808618068695, "val_accuracy_per_time": 0.11339285969734192, "_timestamp": 1708206373.5037658, "_runtime": 25.792162895202637, "_step": 2, "num_epochs": 6, "test_loss": 0.001200042466322581, "test_accuracy": 0.11321429163217545, "_wandb": {"runtime": 20}}