{"time": 20.02331280708313, "train_loss_per_epoch": 7.71286341530088e-06, "val_loss_per_epoch": 0.0002919790397087733, "train_loss_per_time": 7.71286341530088e-06, "val_loss_per_time": 0.0002919790397087733, "train_accuracy_per_epoch": 0.9949495792388916, "val_accuracy_per_epoch": 0.8554151654243469, "train_accuracy_per_time": 0.9949495792388916, "val_accuracy_per_time": 0.8554151654243469, "_timestamp": 1708115710.4618852, "_runtime": 22.81968927383423, "_step": 56, "num_epochs": 542, "test_loss": 0.000195562777419885, "test_accuracy": 0.9121031761169434, "_wandb": {"runtime": 20}}