{"time": 20.023035526275635, "train_loss_per_epoch": 1.3828349578294105e-05, "val_loss_per_epoch": 0.000539945662021637, "train_loss_per_time": 1.3828349578294105e-05, "val_loss_per_time": 0.000539945662021637, "train_accuracy_per_epoch": 0.9920140504837036, "val_accuracy_per_epoch": 0.6950367093086243, "train_accuracy_per_time": 0.9920140504837036, "val_accuracy_per_time": 0.6950367093086243, "_timestamp": 1708144579.8627264, "_runtime": 22.53960943222046, "_step": 73, "num_epochs": 711, "test_loss": 0.0004646461208661397, "test_accuracy": 0.7628462910652161, "_wandb": {"runtime": 20}}