{"time": 20.013185262680054, "train_loss_per_epoch": 6.712403653312192e-06, "val_loss_per_epoch": 0.00037216236193974813, "train_loss_per_time": 6.712403653312192e-06, "val_loss_per_time": 0.00037216236193974813, "train_accuracy_per_epoch": 0.9949519634246826, "val_accuracy_per_epoch": 0.8308658003807068, "train_accuracy_per_time": 0.9949519634246826, "val_accuracy_per_time": 0.8308658003807068, "_timestamp": 1708145581.87021, "_runtime": 23.732128858566284, "_step": 99, "num_epochs": 974, "test_loss": 0.0003758229315280914, "test_accuracy": 0.8146032094955444, "_wandb": {"runtime": 20}}