{"time": 20.00186800956726, "train_loss_per_epoch": 0.0005733100324869156, "val_loss_per_epoch": 0.0008528717358907064, "train_loss_per_time": 0.0005733100324869156, "val_loss_per_time": 0.0008528717358907064, "train_accuracy_per_epoch": 0.5875577330589294, "val_accuracy_per_epoch": 0.49238091707229614, "train_accuracy_per_time": 0.5875577330589294, "val_accuracy_per_time": 0.49238091707229614, "_timestamp": 1708191769.2476978, "_runtime": 22.28268790245056, "_step": 33, "num_epochs": 312, "test_loss": 0.0008647879958152771, "test_accuracy": 0.4367521405220032, "_wandb": {"runtime": 20}}