{"time": 60.106849193573, "train_loss_per_epoch": 2.0276015685729883e-05, "val_loss_per_epoch": 3.96376649538676e-06, "train_loss_vs_time": 2.0276015685729883e-05, "val_loss_vs_time": 3.96376649538676e-06, "_timestamp": 1706738174.9533308, "_runtime": 63.23132586479187, "_step": 16, "test_loss": 0.00023177800079186758, "num_parameters": 82470, "_wandb": {"runtime": 60}}