{"time": 20.002553701400757, "train_loss_per_epoch": 3.5622888577303716e-05, "val_loss_per_epoch": 0.0006171144545078277, "train_loss_per_time": 3.5622888577303716e-05, "val_loss_per_time": 0.0006171144545078277, "train_accuracy_per_epoch": 0.9699817299842834, "val_accuracy_per_epoch": 0.7328314781188965, "train_accuracy_per_time": 0.9699817299842834, "val_accuracy_per_time": 0.7328314781188965, "_timestamp": 1708113040.6697993, "_runtime": 24.11439538002014, "_step": 118, "num_epochs": 1164, "test_loss": 0.0005081820984681447, "test_accuracy": 0.8325974345207214, "_wandb": {"runtime": 20}}