{"time": 20.01189422607422, "train_loss_per_epoch": 3.827963617888079e-06, "val_loss_per_epoch": 0.00040620324512322743, "train_loss_per_time": 3.827963617888079e-06, "val_loss_per_time": 0.00040620324512322743, "train_accuracy_per_epoch": 0.9972223043441772, "val_accuracy_per_epoch": 0.7691142559051514, "train_accuracy_per_time": 0.9972223043441772, "val_accuracy_per_time": 0.7691142559051514, "_timestamp": 1708114461.1141431, "_runtime": 22.267893075942993, "_step": 50, "num_epochs": 489, "test_loss": 0.00036609346667925514, "test_accuracy": 0.838333249092102, "_wandb": {"runtime": 20}}