{"time": 20.028034687042236, "train_loss_per_epoch": 3.6581532679390097e-06, "val_loss_per_epoch": 0.0004467263321081797, "train_loss_per_time": 3.6581532679390097e-06, "val_loss_per_time": 0.0004467263321081797, "train_accuracy_per_epoch": 0.9968750476837158, "val_accuracy_per_epoch": 0.759599506855011, "train_accuracy_per_time": 0.9968750476837158, "val_accuracy_per_time": 0.759599506855011, "_timestamp": 1708115401.4072132, "_runtime": 22.59830331802368, "_step": 67, "num_epochs": 659, "test_loss": 0.0003546733905871709, "test_accuracy": 0.8264286518096924, "_wandb": {"runtime": 20}}