{"time": 20.002170085906982, "train_loss_per_epoch": 7.3407057841125475e-06, "val_loss_per_epoch": 0.00036625097195307416, "train_loss_per_time": 7.3407057841125475e-06, "val_loss_per_time": 0.00036625097195307416, "train_accuracy_per_epoch": 0.9937501549720764, "val_accuracy_per_epoch": 0.7641234397888184, "train_accuracy_per_time": 0.9937501549720764, "val_accuracy_per_time": 0.7641234397888184, "_timestamp": 1708143667.907522, "_runtime": 22.59911799430847, "_step": 64, "num_epochs": 623, "test_loss": 0.000399051954348882, "test_accuracy": 0.8367424607276917, "_wandb": {"runtime": 20}}