{"time": 20.0037522315979, "train_loss_per_epoch": 1.2572755232603022e-07, "val_loss_per_epoch": 0.00034134524563948315, "train_loss_per_time": 1.2572755232603022e-07, "val_loss_per_time": 0.00034134524563948315, "train_accuracy_per_epoch": 1.0000001192092896, "val_accuracy_per_epoch": 0.8266666531562805, "train_accuracy_per_time": 1.0000001192092896, "val_accuracy_per_time": 0.8266666531562805, "_timestamp": 1708116020.8838995, "_runtime": 22.711138486862183, "_step": 57, "num_epochs": 560, "test_loss": 0.00025560731689135233, "test_accuracy": 0.8814610242843628, "_wandb": {"runtime": 20}}