{"time": 20.013739109039307, "train_loss_per_epoch": 0.0008410697111061641, "val_loss_per_epoch": 0.0010870810349782308, "train_loss_per_time": 0.0008410697111061641, "val_loss_per_time": 0.0010870810349782308, "train_accuracy_per_epoch": 0.31657031178474426, "val_accuracy_per_epoch": 0.36071428656578064, "train_accuracy_per_time": 0.31657031178474426, "val_accuracy_per_time": 0.36071428656578064, "_timestamp": 1708114659.687282, "_runtime": 21.998538970947266, "_step": 51, "num_epochs": 498, "test_loss": 0.0009671817223230998, "test_accuracy": 0.31706348061561584, "_wandb": {"runtime": 20}}