{"time": 20.02124309539795, "train_loss_per_epoch": 0.00025786581316164563, "val_loss_per_epoch": 0.0005811364948749543, "train_loss_per_time": 0.00025786581316164563, "val_loss_per_time": 0.0005811364948749543, "train_accuracy_per_epoch": 0.8975081443786621, "val_accuracy_per_epoch": 0.7099206447601318, "train_accuracy_per_time": 0.8975081443786621, "val_accuracy_per_time": 0.7099206447601318, "_timestamp": 1708188533.8485954, "_runtime": 22.724586486816406, "_step": 19, "num_epochs": 178, "test_loss": 0.0005461526413758596, "test_accuracy": 0.7191558480262756, "_wandb": {"runtime": 20}}