{"time": 20.034344911575317, "train_loss_per_epoch": 4.967027410332646e-05, "val_loss_per_epoch": 0.0006649098793665568, "train_loss_per_time": 4.967027410332646e-05, "val_loss_per_time": 0.0006649098793665568, "train_accuracy_per_epoch": 0.9633117914199829, "val_accuracy_per_epoch": 0.7081372737884521, "train_accuracy_per_time": 0.9633117914199829, "val_accuracy_per_time": 0.7081372737884521, "_timestamp": 1708113105.5924807, "_runtime": 22.878004550933838, "_step": 57, "num_epochs": 552, "test_loss": 0.0005516637365023295, "test_accuracy": 0.7700648307800293, "_wandb": {"runtime": 20}}