{"time": 20.04133152961731, "train_loss_per_epoch": 1.0194330492855182e-05, "val_loss_per_epoch": 0.0006406257549921671, "train_loss_per_time": 1.0194330492855182e-05, "val_loss_per_time": 0.0006406257549921671, "train_accuracy_per_epoch": 1.0000001192092896, "val_accuracy_per_epoch": 0.7247618436813354, "train_accuracy_per_time": 1.0000001192092896, "val_accuracy_per_time": 0.7247618436813354, "_timestamp": 1708190483.9049997, "_runtime": 22.818328619003296, "_step": 28, "num_epochs": 266, "test_loss": 0.0006041571001211802, "test_accuracy": 0.7068253755569458, "_wandb": {"runtime": 20}}