{"time": 20.018711805343628, "train_loss_per_epoch": 4.6157888677303816e-06, "val_loss_per_epoch": 0.00030345631142457327, "train_loss_per_time": 4.6157888677303816e-06, "val_loss_per_time": 0.00030345631142457327, "train_accuracy_per_epoch": 0.9950001239776611, "val_accuracy_per_epoch": 0.8251082897186279, "train_accuracy_per_time": 0.9950001239776611, "val_accuracy_per_time": 0.8251082897186279, "_timestamp": 1708145243.4089873, "_runtime": 22.81505537033081, "_step": 24, "num_epochs": 223, "test_loss": 0.0002513891210158666, "test_accuracy": 0.8798701763153076, "_wandb": {"runtime": 20}}