{"time": 0.9749948978424072, "train_loss_per_epoch": 0.0004555305306400572, "val_loss_per_epoch": 0.5230128169059753, "train_loss_per_time": 0.0004555305306400572, "val_loss_per_time": 0.5230128169059753, "train_accuracy_per_epoch": 0.6547998189926147, "val_accuracy_per_epoch": 0.0007020674645900726, "train_accuracy_per_time": 0.6547998189926147, "val_accuracy_per_time": 0.0007020674645900726, "_timestamp": 1707797790.8990154, "_runtime": 4.107558488845825, "_step": 6, "num_epochs": 50, "test_loss": 0.5836904644966125, "test_accuracy": 0.0006857617199420929, "_wandb": {"runtime": 1}}