{"time": 20.0218563079834, "train_loss_per_epoch": 0.0006165337775434766, "val_loss_per_epoch": 0.0008258130649725596, "train_loss_per_time": 0.0006165337775434766, "val_loss_per_time": 0.0008258130649725596, "train_accuracy_per_epoch": 0.5728646516799927, "val_accuracy_per_epoch": 0.45702075958251953, "train_accuracy_per_time": 0.5728646516799927, "val_accuracy_per_time": 0.45702075958251953, "_timestamp": 1708142529.4082396, "_runtime": 22.19241952896118, "_step": 39, "num_epochs": 375, "test_loss": 0.0008426204323768616, "test_accuracy": 0.4305519461631775, "_wandb": {"runtime": 20}}