{"time": 20.017038106918335, "train_loss_per_epoch": 2.5912593784076828e-05, "val_loss_per_epoch": 0.00038679609696070353, "train_loss_per_time": 2.5912593784076828e-05, "val_loss_per_time": 0.00038679609696070353, "train_accuracy_per_epoch": 0.9738805294036865, "val_accuracy_per_epoch": 0.8304945230484009, "train_accuracy_per_time": 0.9738805294036865, "val_accuracy_per_time": 0.8304945230484009, "_timestamp": 1708190931.3289888, "_runtime": 23.06157374382019, "_step": 66, "num_epochs": 643, "test_loss": 0.00026420379678408307, "test_accuracy": 0.8440476655960083, "_wandb": {"runtime": 20}}