{"time": 20.011868000030518, "train_loss_per_epoch": 0.0007272445942674364, "val_loss_per_epoch": 0.0010863423347473144, "train_loss_per_time": 0.0007272445942674364, "val_loss_per_time": 0.0010863423347473144, "train_accuracy_per_epoch": 0.20000000298023224, "val_accuracy_per_epoch": 0.20000000298023224, "train_accuracy_per_time": 0.20000000298023224, "val_accuracy_per_time": 0.20000000298023224, "_timestamp": 1708112096.334692, "_runtime": 23.178154945373535, "_step": 142, "num_epochs": 1405, "test_loss": 0.0009560166796048483, "test_accuracy": 0.20000000298023224, "_wandb": {"runtime": 20}}