{"time": 20.170836448669434, "train_loss_per_epoch": 0.000169988607189485, "val_loss_per_epoch": 0.0003764830281337102, "train_loss_per_time": 0.000169988607189485, "val_loss_per_time": 0.0003764830281337102, "train_accuracy_per_epoch": 0.9464583992958069, "val_accuracy_per_epoch": 0.8666667342185974, "train_accuracy_per_time": 0.9464583992958069, "val_accuracy_per_time": 0.8666667342185974, "_timestamp": 1708145450.018781, "_runtime": 22.718430042266846, "_step": 13, "num_epochs": 111, "test_loss": 0.0005030110478401184, "test_accuracy": 0.7427778244018555, "_wandb": {"runtime": 20}}