{"time": 296.18378472328186, "train_loss_per_epoch": 1.0958326410478288e-05, "val_loss_per_epoch": 3.4714476929770573e-06, "train_loss_vs_time": 1.0958326410478288e-05, "val_loss_vs_time": 3.4714476929770573e-06, "_timestamp": 1706918877.878439, "_runtime": 302.58859395980835, "_step": 62, "test_loss": 0.0003758444885412852, "num_parameters": 124710, "_wandb": {"runtime": 300}}