{"time": 20.055713891983032, "train_loss_per_epoch": 1.4954376882607384e-05, "val_loss_per_epoch": 0.0003752007335424423, "train_loss_per_time": 1.4954376882607384e-05, "val_loss_per_time": 0.0003752007335424423, "train_accuracy_per_epoch": 0.989791750907898, "val_accuracy_per_epoch": 0.7672222256660461, "train_accuracy_per_time": 0.989791750907898, "val_accuracy_per_time": 0.7672222256660461, "_timestamp": 1708190678.814302, "_runtime": 22.53442096710205, "_step": 33, "num_epochs": 311, "test_loss": 0.00047939032316207886, "test_accuracy": 0.8178175091743469, "_wandb": {"runtime": 20}}