{"time": 20.009307622909546, "train_loss_per_epoch": 3.0267134965730032e-05, "val_loss_per_epoch": 0.0004571379721164703, "train_loss_per_time": 3.0267134965730032e-05, "val_loss_per_time": 0.0004571379721164703, "train_accuracy_per_epoch": 0.9817361831665039, "val_accuracy_per_epoch": 0.7550252676010132, "train_accuracy_per_time": 0.9817361831665039, "val_accuracy_per_time": 0.7550252676010132, "_timestamp": 1708114132.708028, "_runtime": 22.904797077178955, "_step": 83, "num_epochs": 818, "test_loss": 0.0005049920578797659, "test_accuracy": 0.7350757718086243, "_wandb": {"runtime": 20}}