{"time": 20.016494750976562, "train_loss_per_epoch": 0.0007753186992236547, "val_loss_per_epoch": 0.0012128061056137084, "train_loss_per_time": 0.0007753186992236547, "val_loss_per_time": 0.0012128061056137084, "train_accuracy_per_epoch": 0.1979166567325592, "val_accuracy_per_epoch": 0.1727272868156433, "train_accuracy_per_time": 0.1979166567325592, "val_accuracy_per_time": 0.1727272868156433, "_timestamp": 1708111772.3634033, "_runtime": 23.802526235580444, "_step": 135, "num_epochs": 1332, "test_loss": 0.0010821462670962017, "test_accuracy": 0.20000000298023224, "_wandb": {"runtime": 20}}