{"time": 20.007201433181763, "train_loss_per_epoch": 2.0640538939135563e-05, "val_loss_per_epoch": 0.0006420072416464487, "train_loss_per_time": 2.0640538939135563e-05, "val_loss_per_time": 0.0006420072416464487, "train_accuracy_per_epoch": 0.9851267337799072, "val_accuracy_per_epoch": 0.6908550262451172, "train_accuracy_per_time": 0.9851267337799072, "val_accuracy_per_time": 0.6908550262451172, "_timestamp": 1708111175.0129225, "_runtime": 22.83072543144226, "_step": 133, "num_epochs": 1316, "test_loss": 0.0007352291544278463, "test_accuracy": 0.6745923757553101, "_wandb": {"runtime": 20}}