{"time": 20.014073133468628, "train_loss_per_epoch": 6.623089047414916e-05, "val_loss_per_epoch": 0.0010421237349510194, "train_loss_per_time": 6.623089047414916e-05, "val_loss_per_time": 0.0010421237349510194, "train_accuracy_per_epoch": 0.9588117003440857, "val_accuracy_per_epoch": 0.4705005884170532, "train_accuracy_per_time": 0.9588117003440857, "val_accuracy_per_time": 0.4705005884170532, "_timestamp": 1708113960.4116354, "_runtime": 23.189557313919067, "_step": 126, "num_epochs": 1244, "test_loss": 0.001055009663105011, "test_accuracy": 0.5586255192756653, "_wandb": {"runtime": 20}}