{"time": 20.014151573181152, "train_loss_per_epoch": 6.721169200838111e-06, "val_loss_per_epoch": 0.0004742327829202016, "train_loss_per_time": 6.721169200838111e-06, "val_loss_per_time": 0.0004742327829202016, "train_accuracy_per_epoch": 0.9936509132385254, "val_accuracy_per_epoch": 0.7476709485054016, "train_accuracy_per_time": 0.9936509132385254, "val_accuracy_per_time": 0.7476709485054016, "_timestamp": 1708113927.7009852, "_runtime": 23.5613112449646, "_step": 114, "num_epochs": 1127, "test_loss": 0.000258906086285909, "test_accuracy": 0.8889610171318054, "_wandb": {"runtime": 20}}