{"time": 20.03748059272766, "train_loss_per_epoch": 0.0007876940284456525, "val_loss_per_epoch": 0.0009663896759351094, "train_loss_per_time": 0.0007876940284456525, "val_loss_per_time": 0.0009663896759351094, "train_accuracy_per_epoch": 0.39104345440864563, "val_accuracy_per_epoch": 0.31676769256591797, "train_accuracy_per_time": 0.39104345440864563, "val_accuracy_per_time": 0.31676769256591797, "_timestamp": 1708113148.612627, "_runtime": 22.195215940475464, "_step": 39, "num_epochs": 379, "test_loss": 0.0010314706961313883, "test_accuracy": 0.2783333361148834, "_wandb": {"runtime": 20}}