{"time": 20.002053260803223, "train_loss_per_epoch": 3.44239656377405e-06, "val_loss_per_epoch": 0.00041288043061892194, "train_loss_per_time": 3.44239656377405e-06, "val_loss_per_time": 0.00041288043061892194, "train_accuracy_per_epoch": 0.9964286088943481, "val_accuracy_per_epoch": 0.8195635676383972, "train_accuracy_per_time": 0.9964286088943481, "val_accuracy_per_time": 0.8195635676383972, "_timestamp": 1708191321.2042687, "_runtime": 22.5447735786438, "_step": 135, "num_epochs": 1335, "test_loss": 0.00029009980460007986, "test_accuracy": 0.8588095903396606, "_wandb": {"runtime": 20}}