{"time": 20.00773024559021, "train_loss_per_epoch": 0.0007775142576013292, "val_loss_per_epoch": 0.0013090986013412475, "train_loss_per_time": 0.0007775142576013292, "val_loss_per_time": 0.0013090986013412475, "train_accuracy_per_epoch": 0.20000000298023224, "val_accuracy_per_epoch": 0.20000000298023224, "train_accuracy_per_time": 0.20000000298023224, "val_accuracy_per_time": 0.20000000298023224, "_timestamp": 1708116420.1412349, "_runtime": 22.973529815673828, "_step": 162, "num_epochs": 1610, "test_loss": 0.0013270463546117147, "test_accuracy": 0.20000000298023224, "_wandb": {"runtime": 20}}