{"time": 20.004831075668335, "train_loss_per_epoch": 1.0050200005805112e-05, "val_loss_per_epoch": 0.00040350253383318585, "train_loss_per_time": 1.0050200005805112e-05, "val_loss_per_time": 0.00040350253383318585, "train_accuracy_per_epoch": 0.9872223138809204, "val_accuracy_per_epoch": 0.7880555391311646, "train_accuracy_per_time": 0.9872223138809204, "val_accuracy_per_time": 0.7880555391311646, "_timestamp": 1708116981.181516, "_runtime": 22.494792938232422, "_step": 172, "num_epochs": 1704, "test_loss": 0.00022277419765790303, "test_accuracy": 0.8725757002830505, "_wandb": {"runtime": 20}}