{"time": 20.000163316726685, "train_loss_per_epoch": 2.3994509206854024e-05, "val_loss_per_epoch": 0.0008061577876408895, "train_loss_per_time": 2.3994509206854024e-05, "val_loss_per_time": 0.0008061577876408895, "train_accuracy_per_epoch": 0.9808523654937744, "val_accuracy_per_epoch": 0.587383508682251, "train_accuracy_per_time": 0.9808523654937744, "val_accuracy_per_time": 0.587383508682251, "_timestamp": 1708145940.1090772, "_runtime": 24.464697122573853, "_step": 114, "num_epochs": 1125, "test_loss": 0.0008087492982546488, "test_accuracy": 0.6661904454231262, "_wandb": {"runtime": 20}}