{"time": 20.024796962738037, "train_loss_per_epoch": 2.5003791420853563e-05, "val_loss_per_epoch": 0.00041072353720664976, "train_loss_per_time": 2.5003791420853563e-05, "val_loss_per_time": 0.00041072353720664976, "train_accuracy_per_epoch": 0.9869658946990967, "val_accuracy_per_epoch": 0.7742063403129578, "train_accuracy_per_time": 0.9869658946990967, "val_accuracy_per_time": 0.7742063403129578, "_timestamp": 1708110892.0183973, "_runtime": 22.728830337524414, "_step": 23, "num_epochs": 219, "test_loss": 0.0003967667371034622, "test_accuracy": 0.7301983833312988, "_wandb": {"runtime": 20}}