{"time": 20.037351846694946, "train_loss_per_epoch": 8.197743445634842e-05, "val_loss_per_epoch": 0.001125269333521525, "train_loss_per_time": 8.197743445634842e-05, "val_loss_per_time": 0.001125269333521525, "train_accuracy_per_epoch": 0.9515354633331299, "val_accuracy_per_epoch": 0.524545431137085, "train_accuracy_per_time": 0.9515354633331299, "val_accuracy_per_time": 0.524545431137085, "_timestamp": 1708145678.7869613, "_runtime": 22.353349208831787, "_step": 46, "num_epochs": 446, "test_loss": 0.001113395094871521, "test_accuracy": 0.47210317850112915, "_wandb": {"runtime": 20}}