{"time": 21.55138349533081, "train_loss_per_epoch": 0.0008666242233344487, "val_loss_per_epoch": 0.001273529479900996, "train_loss_per_time": 0.0008666242233344487, "val_loss_per_time": 0.001273529479900996, "train_accuracy_per_epoch": 0.240370973944664, "val_accuracy_per_epoch": 0.10420995950698853, "train_accuracy_per_time": 0.240370973944664, "val_accuracy_per_time": 0.10420995950698853, "_timestamp": 1708206413.3596683, "_runtime": 25.14453434944153, "_step": 3, "num_epochs": 13, "test_loss": 0.001256852000951767, "test_accuracy": 0.07113636285066605, "_wandb": {"runtime": 21}}