{"time": 16666.94611930847, "train_loss_per_epoch": 6.016455324632781e-05, "val_loss_per_epoch": 0.00036890899141629534, "train_loss_per_time": 6.016455324632781e-05, "val_loss_per_time": 0.00036890899141629534, "train_accuracy_per_epoch": 0.9735985398292542, "val_accuracy_per_epoch": 0.7773810029029846, "train_accuracy_per_time": 0.9735985398292542, "val_accuracy_per_time": 0.7773810029029846, "_timestamp": 1708162702.468075, "_runtime": 16669.493713140488, "_step": 21, "num_epochs": 191, "test_loss": 0.0002471705029408137, "test_accuracy": 0.8277778625488281, "_wandb": {"runtime": 16667}}