{"time": 20.097656726837158, "train_loss_per_epoch": 1.4275144453027419e-05, "val_loss_per_epoch": 0.0004232161243756612, "train_loss_per_time": 1.4275144453027419e-05, "val_loss_per_time": 0.0004232161243756612, "train_accuracy_per_epoch": 0.9857143759727478, "val_accuracy_per_epoch": 0.7741667032241821, "train_accuracy_per_time": 0.9857143759727478, "val_accuracy_per_time": 0.7741667032241821, "_timestamp": 1708188636.9336274, "_runtime": 22.96725845336914, "_step": 23, "num_epochs": 212, "test_loss": 0.00038763595124085746, "test_accuracy": 0.8250324726104736, "_wandb": {"runtime": 20}}