{"time": 20.180155515670776, "train_loss_per_epoch": 0.0001489791673208986, "val_loss_per_epoch": 0.0003566258152325948, "train_loss_per_time": 0.0001489791673208986, "val_loss_per_time": 0.0003566258152325948, "train_accuracy_per_epoch": 0.95328289270401, "val_accuracy_per_epoch": 0.8413853645324707, "train_accuracy_per_time": 0.95328289270401, "val_accuracy_per_time": 0.8413853645324707, "_timestamp": 1708112241.1139557, "_runtime": 23.3590247631073, "_step": 11, "num_epochs": 95, "test_loss": 0.0004546424746513367, "test_accuracy": 0.8328679800033569, "_wandb": {"runtime": 20}}