{"time": 20.035193920135498, "train_loss_per_epoch": 2.0944684012127773e-05, "val_loss_per_epoch": 0.0006255869567394257, "train_loss_per_time": 2.0944684012127773e-05, "val_loss_per_time": 0.0006255869567394257, "train_accuracy_per_epoch": 0.9918246269226074, "val_accuracy_per_epoch": 0.6938888430595398, "train_accuracy_per_time": 0.9918246269226074, "val_accuracy_per_time": 0.6938888430595398, "_timestamp": 1708117040.7527444, "_runtime": 22.55506443977356, "_step": 23, "num_epochs": 217, "test_loss": 0.00028608466188112893, "test_accuracy": 0.8745959401130676, "_wandb": {"runtime": 20}}