{"time": 20.043322324752808, "train_loss_per_epoch": 0.00030631495373589654, "val_loss_per_epoch": 0.0006364983320236206, "train_loss_per_time": 0.00030631495373589654, "val_loss_per_time": 0.0006364983320236206, "train_accuracy_per_epoch": 0.8721382021903992, "val_accuracy_per_epoch": 0.6260378360748291, "train_accuracy_per_time": 0.8721382021903992, "val_accuracy_per_time": 0.6260378360748291, "_timestamp": 1708142558.9879973, "_runtime": 22.708062410354614, "_step": 18, "num_epochs": 161, "test_loss": 0.000570516288280487, "test_accuracy": 0.7212265729904175, "_wandb": {"runtime": 20}}