{"time": 20.049105405807495, "train_loss_per_epoch": 0.0002575653897864478, "val_loss_per_epoch": 0.0005521198113759358, "train_loss_per_time": 0.0002575653897864478, "val_loss_per_time": 0.0005521198113759358, "train_accuracy_per_epoch": 0.88617342710495, "val_accuracy_per_epoch": 0.6777056455612183, "train_accuracy_per_time": 0.88617342710495, "val_accuracy_per_time": 0.6777056455612183, "_timestamp": 1708110119.77656, "_runtime": 23.228135108947754, "_step": 17, "num_epochs": 151, "test_loss": 0.0005097726980845134, "test_accuracy": 0.737261950969696, "_wandb": {"runtime": 20}}