{"time": 20.040640830993652, "train_loss_per_epoch": 1.0319005897534745e-05, "val_loss_per_epoch": 0.00034585287173589073, "train_loss_per_time": 1.0319005897534745e-05, "val_loss_per_time": 0.00034585287173589073, "train_accuracy_per_epoch": 0.9850001335144043, "val_accuracy_per_epoch": 0.8113275766372681, "train_accuracy_per_time": 0.9850001335144043, "val_accuracy_per_time": 0.8113275766372681, "_timestamp": 1708114796.159331, "_runtime": 22.698276042938232, "_step": 28, "num_epochs": 269, "test_loss": 0.0003589952488740285, "test_accuracy": 0.8353571891784668, "_wandb": {"runtime": 20}}