{"time": 20.103384733200073, "train_loss_per_epoch": 0.00012818185346467155, "val_loss_per_epoch": 0.00043734729290008546, "train_loss_per_time": 0.00012818185346467155, "val_loss_per_time": 0.00043734729290008546, "train_accuracy_per_epoch": 0.9622312784194946, "val_accuracy_per_epoch": 0.8015873432159424, "train_accuracy_per_time": 0.9622312784194946, "val_accuracy_per_time": 0.8015873432159424, "_timestamp": 1708101350.8241608, "_runtime": 22.911799907684326, "_step": 13, "num_epochs": 120, "test_loss": 0.00041723072528839113, "test_accuracy": 0.7992424368858337, "_wandb": {"runtime": 20}}