{"time": 20.032432079315186, "train_loss_per_epoch": 0.00013771221307771548, "val_loss_per_epoch": 0.000729320893685023, "train_loss_per_time": 0.00013771221307771548, "val_loss_per_time": 0.000729320893685023, "train_accuracy_per_epoch": 0.9221609234809875, "val_accuracy_per_epoch": 0.6733225584030151, "train_accuracy_per_time": 0.9221609234809875, "val_accuracy_per_time": 0.6733225584030151, "_timestamp": 1708113371.0791812, "_runtime": 23.046264171600342, "_step": 22, "num_epochs": 201, "test_loss": 0.0009793709715207417, "test_accuracy": 0.5023015737533569, "_wandb": {"runtime": 20}}