{"time": 60.028379678726196, "train_loss_per_epoch": 1.6132135330865692e-05, "val_loss_per_epoch": 0.0004924927155176798, "train_loss_per_time": 1.6132135330865692e-05, "val_loss_per_time": 0.0004924927155176798, "train_accuracy_per_epoch": 0.9902083873748779, "val_accuracy_per_epoch": 0.7127380967140198, "train_accuracy_per_time": 0.9902083873748779, "val_accuracy_per_time": 0.7127380967140198, "_timestamp": 1707844002.4701638, "_runtime": 61.90400981903076, "_step": 87, "num_epochs": 852, "test_loss": 0.00037329005698362986, "test_accuracy": 0.8039683103561401, "_wandb": {"runtime": 60}}