{"time": 20.09208393096924, "train_loss_per_epoch": 2.575393599857177e-05, "val_loss_per_epoch": 0.0005405437449614207, "train_loss_per_time": 2.575393599857177e-05, "val_loss_per_time": 0.0005405437449614207, "train_accuracy_per_epoch": 0.9827877879142761, "val_accuracy_per_epoch": 0.6154761910438538, "train_accuracy_per_time": 0.9827877879142761, "val_accuracy_per_time": 0.6154761910438538, "_timestamp": 1708112435.1984084, "_runtime": 22.886205434799194, "_step": 20, "num_epochs": 190, "test_loss": 0.000710424284140269, "test_accuracy": 0.6900866031646729, "_wandb": {"runtime": 20}}