{"time": 20.135653257369995, "train_loss_per_epoch": 0.0003230360842176846, "val_loss_per_epoch": 0.0005122749010721843, "train_loss_per_time": 0.0003230360842176846, "val_loss_per_time": 0.0005122749010721843, "train_accuracy_per_epoch": 0.846466064453125, "val_accuracy_per_epoch": 0.7647510766983032, "train_accuracy_per_time": 0.846466064453125, "val_accuracy_per_time": 0.7647510766983032, "_timestamp": 1708113179.742172, "_runtime": 23.184844970703125, "_step": 15, "num_epochs": 136, "test_loss": 0.0005763743817806244, "test_accuracy": 0.6902379989624023, "_wandb": {"runtime": 20}}