{"time": 20.034400939941406, "train_loss_per_epoch": 6.722205318510533e-05, "val_loss_per_epoch": 0.0008038999636967977, "train_loss_per_time": 6.722205318510533e-05, "val_loss_per_time": 0.0008038999636967977, "train_accuracy_per_epoch": 0.9666132926940918, "val_accuracy_per_epoch": 0.6302289962768555, "train_accuracy_per_time": 0.9666132926940918, "val_accuracy_per_time": 0.6302289962768555, "_timestamp": 1708190194.6134443, "_runtime": 22.611725330352783, "_step": 29, "num_epochs": 274, "test_loss": 0.0011045682430267335, "test_accuracy": 0.39500001072883606, "_wandb": {"runtime": 20}}