{"time": 20.010865926742554, "train_loss_per_epoch": 0.0006538132045950209, "val_loss_per_epoch": 0.001034466028213501, "train_loss_per_time": 0.0006538132045950209, "val_loss_per_time": 0.001034466028213501, "train_accuracy_per_epoch": 0.5187447667121887, "val_accuracy_per_epoch": 0.3581060469150543, "train_accuracy_per_time": 0.5187447667121887, "val_accuracy_per_time": 0.3581060469150543, "_timestamp": 1708189738.7256625, "_runtime": 22.655306577682495, "_step": 151, "num_epochs": 1495, "test_loss": 0.001030523975690206, "test_accuracy": 0.4125397205352783, "_wandb": {"runtime": 20}}