{"time": 310.36226058006287, "train_loss_per_epoch": 0.00089009904222829, "val_loss_per_epoch": 0.0009683344662189484, "train_loss_per_time": 0.00089009904222829, "val_loss_per_time": 0.0009683344662189484, "train_accuracy_per_epoch": 0.1553773283958435, "val_accuracy_per_epoch": 0.1039922907948494, "train_accuracy_per_time": 0.1553773283958435, "val_accuracy_per_time": 0.1039922907948494, "_timestamp": 1711986315.3023646, "_runtime": 314.0694806575775, "_step": 3, "num_epochs": 11, "test_loss": 0.0009673407673835754, "test_accuracy": 0.09945742785930634, "_wandb": {"runtime": 311}}