{"time": 20.003846406936646, "train_loss_per_epoch": 2.33896470763284e-05, "val_loss_per_epoch": 0.0007360262175401052, "train_loss_per_time": 2.33896470763284e-05, "val_loss_per_time": 0.0007360262175401052, "train_accuracy_per_epoch": 0.9852273464202881, "val_accuracy_per_epoch": 0.6375324726104736, "train_accuracy_per_time": 0.9852273464202881, "val_accuracy_per_time": 0.6375324726104736, "_timestamp": 1708192555.850975, "_runtime": 22.734405040740967, "_step": 79, "num_epochs": 778, "test_loss": 0.0005131876965363821, "test_accuracy": 0.7761363983154297, "_wandb": {"runtime": 20}}