{"time": 20.009672164916992, "train_loss_per_epoch": 1.8212449088293527e-06, "val_loss_per_epoch": 0.0003980309764544169, "train_loss_per_time": 1.8212449088293527e-06, "val_loss_per_time": 0.0003980309764544169, "train_accuracy_per_epoch": 1.0000001192092896, "val_accuracy_per_epoch": 0.7117748856544495, "train_accuracy_per_time": 1.0000001192092896, "val_accuracy_per_time": 0.7117748856544495, "_timestamp": 1708110503.7763274, "_runtime": 22.599889278411865, "_step": 27, "num_epochs": 258, "test_loss": 0.00037792260448137917, "test_accuracy": 0.8010245561599731, "_wandb": {"runtime": 20}}