{"time": 20.046915769577026, "train_loss_per_epoch": 4.247884966649248e-07, "val_loss_per_epoch": 0.00038270664711793266, "train_loss_per_time": 4.247884966649248e-07, "val_loss_per_time": 0.00038270664711793266, "train_accuracy_per_epoch": 1.0000001192092896, "val_accuracy_per_epoch": 0.7874999642372131, "train_accuracy_per_time": 1.0000001192092896, "val_accuracy_per_time": 0.7874999642372131, "_timestamp": 1708117643.916994, "_runtime": 22.663279056549072, "_step": 28, "num_epochs": 264, "test_loss": 0.0002689998596906662, "test_accuracy": 0.8922222852706909, "_wandb": {"runtime": 20}}