{"time": 20.00056266784668, "train_loss_per_epoch": 0.0004964477462427957, "val_loss_per_epoch": 0.0008179547886053722, "train_loss_per_time": 0.0004964477462427957, "val_loss_per_time": 0.0008179547886053722, "train_accuracy_per_epoch": 0.6734496355056763, "val_accuracy_per_epoch": 0.5853679180145264, "train_accuracy_per_time": 0.6734496355056763, "val_accuracy_per_time": 0.5853679180145264, "_timestamp": 1708143298.8411365, "_runtime": 21.6556293964386, "_step": 60, "num_epochs": 587, "test_loss": 0.0009622787435849508, "test_accuracy": 0.4858441650867462, "_wandb": {"runtime": 20}}