{"time": 20.058440446853638, "train_loss_per_epoch": 1.1111001970545788e-05, "val_loss_per_epoch": 0.00047068039576212567, "train_loss_per_time": 1.1111001970545788e-05, "val_loss_per_time": 0.00047068039576212567, "train_accuracy_per_epoch": 0.9927273988723755, "val_accuracy_per_epoch": 0.8301515579223633, "train_accuracy_per_time": 0.9927273988723755, "val_accuracy_per_time": 0.8301515579223633, "_timestamp": 1708111674.7346652, "_runtime": 23.19938611984253, "_step": 44, "num_epochs": 426, "test_loss": 0.0002459964652856191, "test_accuracy": 0.8316665887832642, "_wandb": {"runtime": 20}}