{"time": 20.027879238128662, "train_loss_per_epoch": 2.5627910758235624e-05, "val_loss_per_epoch": 0.00032553603251775105, "train_loss_per_time": 2.5627910758235624e-05, "val_loss_per_time": 0.00032553603251775105, "train_accuracy_per_epoch": 0.9968750476837158, "val_accuracy_per_epoch": 0.8840476274490356, "train_accuracy_per_time": 0.9968750476837158, "val_accuracy_per_time": 0.8840476274490356, "_timestamp": 1708190392.826209, "_runtime": 22.51350712776184, "_step": 30, "num_epochs": 284, "test_loss": 0.00045128469665845237, "test_accuracy": 0.7717424631118774, "_wandb": {"runtime": 20}}