{"time": 0.8710014820098877, "train_loss_per_epoch": 0.00012694958597421645, "val_loss_per_epoch": 0.0003262965629498164, "train_loss_per_time": 0.00012694958597421645, "val_loss_per_time": 0.0003262965629498164, "train_accuracy_per_epoch": 0.9517674446105957, "val_accuracy_per_epoch": 0.8801587820053101, "train_accuracy_per_time": 0.9517674446105957, "val_accuracy_per_time": 0.8801587820053101, "_timestamp": 1707841697.9608262, "_runtime": 3.8880341053009033, "_step": 6, "num_epochs": 50, "test_loss": 0.000330649067958196, "test_accuracy": 0.8107467293739319, "_wandb": {"runtime": 1}}