{"time": 20.01696276664734, "train_loss_per_epoch": 3.2339171255963657e-06, "val_loss_per_epoch": 0.00033469552795092265, "train_loss_per_time": 3.2339171255963657e-06, "val_loss_per_time": 0.00033469552795092265, "train_accuracy_per_epoch": 0.9968750476837158, "val_accuracy_per_epoch": 0.8274892568588257, "train_accuracy_per_time": 0.9968750476837158, "val_accuracy_per_time": 0.8274892568588257, "_timestamp": 1708145273.5262601, "_runtime": 22.87596821784973, "_step": 132, "num_epochs": 1306, "test_loss": 0.0003714069724082947, "test_accuracy": 0.8378823399543762, "_wandb": {"runtime": 20}}