{"time": 20.02236270904541, "train_loss_per_epoch": 1.2235399216089198e-05, "val_loss_per_epoch": 0.00044271349906921387, "train_loss_per_time": 1.2235399216089198e-05, "val_loss_per_time": 0.00044271349906921387, "train_accuracy_per_epoch": 0.9905556440353394, "val_accuracy_per_epoch": 0.7423809170722961, "train_accuracy_per_time": 0.9905556440353394, "val_accuracy_per_time": 0.7423809170722961, "_timestamp": 1708188894.2032425, "_runtime": 22.778005599975586, "_step": 56, "num_epochs": 545, "test_loss": 0.00043987492720286053, "test_accuracy": 0.7974603176116943, "_wandb": {"runtime": 20}}