{"time": 20.086066246032715, "train_loss_per_epoch": 4.021513034656112e-06, "val_loss_per_epoch": 0.0002665350586175919, "train_loss_per_time": 4.021513034656112e-06, "val_loss_per_time": 0.0002665350586175919, "train_accuracy_per_epoch": 1.0000001192092896, "val_accuracy_per_epoch": 0.8300700187683105, "train_accuracy_per_time": 1.0000001192092896, "val_accuracy_per_time": 0.8300700187683105, "_timestamp": 1708113074.198792, "_runtime": 23.302073001861572, "_step": 20, "num_epochs": 189, "test_loss": 0.000291840136051178, "test_accuracy": 0.8699892163276672, "_wandb": {"runtime": 20}}