{"time": 20.00396418571472, "train_loss_per_epoch": 1.974760987130659e-05, "val_loss_per_epoch": 0.00044283961256345113, "train_loss_per_time": 1.974760987130659e-05, "val_loss_per_time": 0.00044283961256345113, "train_accuracy_per_epoch": 0.9912500381469727, "val_accuracy_per_epoch": 0.7641666531562805, "train_accuracy_per_time": 0.9912500381469727, "val_accuracy_per_time": 0.7641666531562805, "_timestamp": 1708115924.1634293, "_runtime": 21.90686535835266, "_step": 26, "num_epochs": 242, "test_loss": 0.00034547383586565653, "test_accuracy": 0.8321284651756287, "_wandb": {"runtime": 20}}