{"time": 20.0480318069458, "train_loss_per_epoch": 8.285837788467428e-06, "val_loss_per_epoch": 0.00032864357034365337, "train_loss_per_time": 8.285837788467428e-06, "val_loss_per_time": 0.00032864357034365337, "train_accuracy_per_epoch": 0.984722375869751, "val_accuracy_per_epoch": 0.8018578886985779, "train_accuracy_per_time": 0.984722375869751, "val_accuracy_per_time": 0.8018578886985779, "_timestamp": 1708117248.7002914, "_runtime": 33.688629388809204, "_step": 31, "num_epochs": 295, "test_loss": 0.00043676495552062987, "test_accuracy": 0.7794805765151978, "_wandb": {"runtime": 20}}