{"time": 5.260642051696777, "train_loss_per_epoch": 0.00020882645355803627, "val_loss_per_epoch": 0.0004289666811625163, "train_loss_per_time": 0.00020882645355803627, "val_loss_per_time": 0.0004289666811625163, "train_accuracy_per_epoch": 0.9686508178710938, "val_accuracy_per_epoch": 0.793254017829895, "train_accuracy_per_time": 0.9686508178710938, "val_accuracy_per_time": 0.793254017829895, "_timestamp": 1707841726.4132395, "_runtime": 8.166446447372437, "_step": 6, "num_epochs": 50, "test_loss": 0.00046763991316159566, "test_accuracy": 0.797056257724762, "_wandb": {"runtime": 5}}