{"time": 20.01319909095764, "train_loss_per_epoch": 1.786160145327033e-05, "val_loss_per_epoch": 0.00048453619082768757, "train_loss_per_time": 1.786160145327033e-05, "val_loss_per_time": 0.00048453619082768757, "train_accuracy_per_epoch": 0.9883712530136108, "val_accuracy_per_epoch": 0.7481746673583984, "train_accuracy_per_time": 0.9883712530136108, "val_accuracy_per_time": 0.7481746673583984, "_timestamp": 1708192236.355078, "_runtime": 23.02536106109619, "_step": 115, "num_epochs": 1140, "test_loss": 0.0002847861498594284, "test_accuracy": 0.8729487061500549, "_wandb": {"runtime": 20}}