{"time": 20.005122900009155, "train_loss_per_epoch": 0.00031597971384014404, "val_loss_per_epoch": 0.0008288278679052988, "train_loss_per_time": 0.00031597971384014404, "val_loss_per_time": 0.0008288278679052988, "train_accuracy_per_epoch": 0.8083147406578064, "val_accuracy_per_epoch": 0.591002881526947, "train_accuracy_per_time": 0.8083147406578064, "val_accuracy_per_time": 0.591002881526947, "_timestamp": 1708116290.3722975, "_runtime": 22.076061487197876, "_step": 132, "num_epochs": 1309, "test_loss": 0.0007541270057360331, "test_accuracy": 0.570039689540863, "_wandb": {"runtime": 20}}