{"time": 20.069436073303223, "train_loss_per_epoch": 1.7391366584758673e-05, "val_loss_per_epoch": 0.00046004633108774823, "train_loss_per_time": 1.7391366584758673e-05, "val_loss_per_time": 0.00046004633108774823, "train_accuracy_per_epoch": 1.0000001192092896, "val_accuracy_per_epoch": 0.783722996711731, "train_accuracy_per_time": 1.0000001192092896, "val_accuracy_per_time": 0.783722996711731, "_timestamp": 1708143697.7932088, "_runtime": 22.54325580596924, "_step": 29, "num_epochs": 277, "test_loss": 0.0004187206923961639, "test_accuracy": 0.7256312966346741, "_wandb": {"runtime": 20}}