{"time": 20.016457557678223, "train_loss_per_epoch": 5.2893541370784595e-06, "val_loss_per_epoch": 0.00029825225472450255, "train_loss_per_time": 5.2893541370784595e-06, "val_loss_per_time": 0.00029825225472450255, "train_accuracy_per_epoch": 0.9975000619888306, "val_accuracy_per_epoch": 0.8641558289527893, "train_accuracy_per_time": 0.9975000619888306, "val_accuracy_per_time": 0.8641558289527893, "_timestamp": 1708144944.744982, "_runtime": 22.697959899902344, "_step": 25, "num_epochs": 233, "test_loss": 0.0002764453987280528, "test_accuracy": 0.8098834753036499, "_wandb": {"runtime": 20}}