{"time": 20.001038074493408, "train_loss_per_epoch": 1.4931858178377817e-05, "val_loss_per_epoch": 0.00035411479572455086, "train_loss_per_time": 1.4931858178377817e-05, "val_loss_per_time": 0.00035411479572455086, "train_accuracy_per_epoch": 0.9909565448760986, "val_accuracy_per_epoch": 0.7868254780769348, "train_accuracy_per_time": 0.9909565448760986, "val_accuracy_per_time": 0.7868254780769348, "_timestamp": 1708145516.747414, "_runtime": 23.138174057006836, "_step": 48, "num_epochs": 467, "test_loss": 0.00047333627939224245, "test_accuracy": 0.7489286065101624, "_wandb": {"runtime": 20}}