{"time": 20.008682012557983, "train_loss_per_epoch": 7.587374125900429e-06, "val_loss_per_epoch": 0.0004211603105068207, "train_loss_per_time": 7.587374125900429e-06, "val_loss_per_time": 0.0004211603105068207, "train_accuracy_per_epoch": 0.9958043098449707, "val_accuracy_per_epoch": 0.7669841647148132, "train_accuracy_per_time": 0.9958043098449707, "val_accuracy_per_time": 0.7669841647148132, "_timestamp": 1708188015.091022, "_runtime": 25.718728065490723, "_step": 69, "num_epochs": 672, "test_loss": 0.00020040462414423624, "test_accuracy": 0.8700000047683716, "_wandb": {"runtime": 20}}