{"time": 20.014722108840942, "train_loss_per_epoch": 3.227576114503401e-05, "val_loss_per_epoch": 0.0005181690553824106, "train_loss_per_time": 3.227576114503401e-05, "val_loss_per_time": 0.0005181690553824106, "train_accuracy_per_epoch": 0.9748485684394836, "val_accuracy_per_epoch": 0.7885714769363403, "train_accuracy_per_time": 0.9748485684394836, "val_accuracy_per_time": 0.7885714769363403, "_timestamp": 1708111475.750023, "_runtime": 22.923106908798218, "_step": 141, "num_epochs": 1398, "test_loss": 0.0004923831423123677, "test_accuracy": 0.7854257225990295, "_wandb": {"runtime": 20}}