{"time": 20.02020812034607, "train_loss_per_epoch": 0.0008658573457172939, "val_loss_per_epoch": 0.0010610279440879822, "train_loss_per_time": 0.0008658573457172939, "val_loss_per_time": 0.0010610279440879822, "train_accuracy_per_epoch": 0.29687896370887756, "val_accuracy_per_epoch": 0.30000001192092896, "train_accuracy_per_time": 0.29687896370887756, "val_accuracy_per_time": 0.30000001192092896, "_timestamp": 1708189671.504681, "_runtime": 22.385218143463135, "_step": 40, "num_epochs": 381, "test_loss": 0.0011027695735295613, "test_accuracy": 0.24166667461395264, "_wandb": {"runtime": 20}}