{"time": 20.05829668045044, "train_loss_per_epoch": 0.0007904977457863944, "val_loss_per_epoch": 0.0009069011608759562, "train_loss_per_time": 0.0007904977457863944, "val_loss_per_time": 0.0009069011608759562, "train_accuracy_per_epoch": 0.290149450302124, "val_accuracy_per_epoch": 0.30000001192092896, "train_accuracy_per_time": 0.290149450302124, "val_accuracy_per_time": 0.30000001192092896, "_timestamp": 1708115001.959704, "_runtime": 23.63381791114807, "_step": 26, "num_epochs": 248, "test_loss": 0.0010172514120737712, "test_accuracy": 0.30000001192092896, "_wandb": {"runtime": 20}}