{"time": 20.070237159729004, "train_loss_per_epoch": 5.1679862663149835e-05, "val_loss_per_epoch": 0.00042774866024653115, "train_loss_per_time": 5.1679862663149835e-05, "val_loss_per_time": 0.00042774866024653115, "train_accuracy_per_epoch": 0.9943681955337524, "val_accuracy_per_epoch": 0.8015042543411255, "train_accuracy_per_time": 0.9943681955337524, "val_accuracy_per_time": 0.8015042543411255, "_timestamp": 1708192401.7232976, "_runtime": 21.935306549072266, "_step": 13, "num_epochs": 111, "test_loss": 0.00030374233921368917, "test_accuracy": 0.876742422580719, "_wandb": {"runtime": 20}}