{"time": 20.026450395584106, "train_loss_per_epoch": 1.5223793782622254e-05, "val_loss_per_epoch": 0.0004590582350889842, "train_loss_per_time": 1.5223793782622254e-05, "val_loss_per_time": 0.0004590582350889842, "train_accuracy_per_epoch": 0.986875057220459, "val_accuracy_per_epoch": 0.7652777433395386, "train_accuracy_per_time": 0.986875057220459, "val_accuracy_per_time": 0.7652777433395386, "_timestamp": 1708117674.9348714, "_runtime": 21.770833492279053, "_step": 68, "num_epochs": 669, "test_loss": 0.0005262906352678935, "test_accuracy": 0.7769445180892944, "_wandb": {"runtime": 20}}