{"time": 0.7450206279754639, "train_loss_per_epoch": 0.0004068666270800999, "val_loss_per_epoch": 0.000551307499408722, "train_loss_per_time": 0.0004068666270800999, "val_loss_per_time": 0.000551307499408722, "train_accuracy_per_epoch": 0.7067716121673584, "val_accuracy_per_epoch": 0.6251984238624573, "train_accuracy_per_time": 0.7067716121673584, "val_accuracy_per_time": 0.6251984238624573, "_timestamp": 1707841709.73176, "_runtime": 3.539544105529785, "_step": 6, "num_epochs": 50, "test_loss": 0.0007319986323515574, "test_accuracy": 0.5959199070930481, "_wandb": {"runtime": 1}}