{"time": 20.00973653793335, "train_loss_per_epoch": 0.0007011426240205765, "val_loss_per_epoch": 0.0012864509224891662, "train_loss_per_time": 0.0007011426240205765, "val_loss_per_time": 0.0012864509224891662, "train_accuracy_per_epoch": 0.20000000298023224, "val_accuracy_per_epoch": 0.17500001192092896, "train_accuracy_per_time": 0.20000000298023224, "val_accuracy_per_time": 0.17500001192092896, "_timestamp": 1708143758.6817672, "_runtime": 22.470476150512695, "_step": 169, "num_epochs": 1672, "test_loss": 0.0013057351112365722, "test_accuracy": 0.20000000298023224, "_wandb": {"runtime": 20}}