{"time": 20.008191347122192, "train_loss_per_epoch": 1.2986565967107057e-07, "val_loss_per_epoch": 0.0004251751800378164, "train_loss_per_time": 1.2986565967107057e-07, "val_loss_per_time": 0.0004251751800378164, "train_accuracy_per_epoch": 1.0000001192092896, "val_accuracy_per_epoch": 0.8116234540939331, "train_accuracy_per_time": 1.0000001192092896, "val_accuracy_per_time": 0.8116234540939331, "_timestamp": 1708192463.1996062, "_runtime": 22.463242292404175, "_step": 61, "num_epochs": 599, "test_loss": 0.0002642998347679774, "test_accuracy": 0.8475756645202637, "_wandb": {"runtime": 20}}