{"time": 20.01834011077881, "train_loss_per_epoch": 6.648160966246256e-07, "val_loss_per_epoch": 0.00040922808150450386, "train_loss_per_time": 6.648160966246256e-07, "val_loss_per_time": 0.00040922808150450386, "train_accuracy_per_epoch": 1.0000001192092896, "val_accuracy_per_epoch": 0.7900000214576721, "train_accuracy_per_time": 1.0000001192092896, "val_accuracy_per_time": 0.7900000214576721, "_timestamp": 1708116148.1573038, "_runtime": 22.612095832824707, "_step": 23, "num_epochs": 214, "test_loss": 0.0003021629403034846, "test_accuracy": 0.8499531149864197, "_wandb": {"runtime": 20}}