{"time": 304.267085313797, "train_loss_per_epoch": 0.0009565094751971109, "val_loss_per_epoch": 0.0009767657319704691, "train_loss_per_time": 0.0009565094751971109, "val_loss_per_time": 0.0009767657319704691, "train_accuracy_per_epoch": 0.09971506893634796, "val_accuracy_per_epoch": 0.09957113116979599, "train_accuracy_per_time": 0.09971506893634796, "val_accuracy_per_time": 0.09957113116979599, "_timestamp": 1711988598.5086503, "_runtime": 307.86627531051636, "_step": 2, "num_epochs": 9, "test_loss": 0.0009660293161869049, "test_accuracy": 0.10340910404920578, "_wandb": {"runtime": 305}}