{"time": 20.000957489013672, "train_loss_per_epoch": 0.0007204895466566086, "val_loss_per_epoch": 0.0010273847977320353, "train_loss_per_time": 0.0007204895466566086, "val_loss_per_time": 0.0010273847977320353, "train_accuracy_per_epoch": 0.20000000298023224, "val_accuracy_per_epoch": 0.20000000298023224, "train_accuracy_per_time": 0.20000000298023224, "val_accuracy_per_time": 0.20000000298023224, "_timestamp": 1708190224.336298, "_runtime": 22.504544973373413, "_step": 69, "num_epochs": 680, "test_loss": 0.0010802005728085837, "test_accuracy": 0.20000000298023224, "_wandb": {"runtime": 20}}