{"time": 20.01239323616028, "train_loss_per_epoch": 8.218727274132626e-05, "val_loss_per_epoch": 0.0008365776141484578, "train_loss_per_time": 8.218727274132626e-05, "val_loss_per_time": 0.0008365776141484578, "train_accuracy_per_epoch": 0.9644913673400879, "val_accuracy_per_epoch": 0.5646429061889648, "train_accuracy_per_time": 0.9644913673400879, "val_accuracy_per_time": 0.5646429061889648, "_timestamp": 1708188569.9483955, "_runtime": 23.227603435516357, "_step": 141, "num_epochs": 1395, "test_loss": 0.0009273100892702739, "test_accuracy": 0.6038311719894409, "_wandb": {"runtime": 20}}