{"time": 20.125659465789795, "train_loss_per_epoch": 0.00013780024168746812, "val_loss_per_epoch": 0.0003751701861619949, "train_loss_per_time": 0.00013780024168746812, "val_loss_per_time": 0.0003751701861619949, "train_accuracy_per_epoch": 0.9594126343727112, "val_accuracy_per_epoch": 0.8602564334869385, "train_accuracy_per_time": 0.9594126343727112, "val_accuracy_per_time": 0.8602564334869385, "_timestamp": 1708115648.1476865, "_runtime": 22.47982144355774, "_step": 12, "num_epochs": 107, "test_loss": 0.00033283660809199016, "test_accuracy": 0.8240476250648499, "_wandb": {"runtime": 20}}