{"time": 20.000954151153564, "train_loss_per_epoch": 3.4492283017633393e-06, "val_loss_per_epoch": 0.0004908540348211925, "train_loss_per_time": 3.4492283017633393e-06, "val_loss_per_time": 0.0004908540348211925, "train_accuracy_per_epoch": 0.9977273941040039, "val_accuracy_per_epoch": 0.7800757884979248, "train_accuracy_per_time": 0.9977273941040039, "val_accuracy_per_time": 0.7800757884979248, "_timestamp": 1708192525.528932, "_runtime": 22.768226146697998, "_step": 127, "num_epochs": 1253, "test_loss": 0.0002792679021755854, "test_accuracy": 0.8725757002830505, "_wandb": {"runtime": 20}}