{"time": 20.019431591033936, "train_loss_per_epoch": 7.880798674055509e-05, "val_loss_per_epoch": 0.0007543826599915823, "train_loss_per_time": 7.880798674055509e-05, "val_loss_per_time": 0.0007543826599915823, "train_accuracy_per_epoch": 0.9720269441604614, "val_accuracy_per_epoch": 0.5853570699691772, "train_accuracy_per_time": 0.9720269441604614, "val_accuracy_per_time": 0.5853570699691772, "_timestamp": 1708112127.8476114, "_runtime": 23.393401384353638, "_step": 19, "num_epochs": 177, "test_loss": 0.0007299080491065979, "test_accuracy": 0.57671719789505, "_wandb": {"runtime": 20}}