{"time": 20.027274131774902, "train_loss_per_epoch": 0.0006933139158146722, "val_loss_per_epoch": 0.00099831352631251, "train_loss_per_time": 0.0006933139158146722, "val_loss_per_time": 0.00099831352631251, "train_accuracy_per_epoch": 0.20000000298023224, "val_accuracy_per_epoch": 0.18571428954601288, "train_accuracy_per_time": 0.20000000298023224, "val_accuracy_per_time": 0.18571428954601288, "_timestamp": 1708110625.9693897, "_runtime": 23.65546178817749, "_step": 52, "num_epochs": 506, "test_loss": 0.0010544333855311075, "test_accuracy": 0.20000000298023224, "_wandb": {"runtime": 20}}