{"time": 300.0279197692871, "train_loss_per_epoch": 0.0008535641538245337, "val_loss_per_epoch": 0.0012411079307397207, "train_loss_per_time": 0.0008535641538245337, "val_loss_per_time": 0.0012411079307397207, "train_accuracy_per_epoch": 0.20247980952262878, "val_accuracy_per_epoch": 0.07912879437208176, "train_accuracy_per_time": 0.20247980952262878, "val_accuracy_per_time": 0.07912879437208176, "_timestamp": 1708208145.0561934, "_runtime": 303.99400544166565, "_step": 3, "num_epochs": 12, "test_loss": 0.001233869194984436, "test_accuracy": 0.08124999701976776, "_wandb": {"runtime": 302}}