{"time": 20.030009031295776, "train_loss_per_epoch": 8.715447662065603e-06, "val_loss_per_epoch": 0.00048048401872317, "train_loss_per_time": 8.715447662065603e-06, "val_loss_per_time": 0.00048048401872317, "train_accuracy_per_epoch": 1.0000001192092896, "val_accuracy_per_epoch": 0.7859523892402649, "train_accuracy_per_time": 1.0000001192092896, "val_accuracy_per_time": 0.7859523892402649, "_timestamp": 1708192299.7198033, "_runtime": 21.984326362609863, "_step": 25, "num_epochs": 236, "test_loss": 0.0002540124704440435, "test_accuracy": 0.8876709342002869, "_wandb": {"runtime": 20}}