{"time": 20.00528073310852, "train_loss_per_epoch": 4.076232826004603e-05, "val_loss_per_epoch": 0.0011995259920756021, "train_loss_per_time": 4.076232826004603e-05, "val_loss_per_time": 0.0011995259920756021, "train_accuracy_per_epoch": 0.975922703742981, "val_accuracy_per_epoch": 0.4603823721408844, "train_accuracy_per_time": 0.975922703742981, "val_accuracy_per_time": 0.4603823721408844, "_timestamp": 1708145614.4244597, "_runtime": 24.048290729522705, "_step": 125, "num_epochs": 1234, "test_loss": 0.001094631055990855, "test_accuracy": 0.535595178604126, "_wandb": {"runtime": 20}}