{"time": 20.02631163597107, "train_loss_per_epoch": 3.483951789218866e-06, "val_loss_per_epoch": 0.0003440340608358383, "train_loss_per_time": 3.483951789218866e-06, "val_loss_per_time": 0.0003440340608358383, "train_accuracy_per_epoch": 0.9979168176651001, "val_accuracy_per_epoch": 0.8501875996589661, "train_accuracy_per_time": 0.9979168176651001, "val_accuracy_per_time": 0.8501875996589661, "_timestamp": 1708110185.3038132, "_runtime": 23.195115327835083, "_step": 55, "num_epochs": 533, "test_loss": 0.0004256957769393921, "test_accuracy": 0.8254364728927612, "_wandb": {"runtime": 20}}