{"time": 20.015784740447998, "train_loss_per_epoch": 2.1962222752855658e-05, "val_loss_per_epoch": 0.00048580865065256753, "train_loss_per_time": 2.1962222752855658e-05, "val_loss_per_time": 0.00048580865065256753, "train_accuracy_per_epoch": 0.9750000238418579, "val_accuracy_per_epoch": 0.6976648569107056, "train_accuracy_per_time": 0.9750000238418579, "val_accuracy_per_time": 0.6976648569107056, "_timestamp": 1708191115.0031183, "_runtime": 22.67325234413147, "_step": 61, "num_epochs": 593, "test_loss": 0.0004780637224515279, "test_accuracy": 0.7470237612724304, "_wandb": {"runtime": 20}}