{"time": 20.02237343788147, "train_loss_per_epoch": 0.0007769574012075151, "val_loss_per_epoch": 0.0011377149820327758, "train_loss_per_time": 0.0007769574012075151, "val_loss_per_time": 0.0011377149820327758, "train_accuracy_per_epoch": 0.20000000298023224, "val_accuracy_per_epoch": 0.18571428954601288, "train_accuracy_per_time": 0.20000000298023224, "val_accuracy_per_time": 0.18571428954601288, "_timestamp": 1708116482.0616164, "_runtime": 22.54479432106018, "_step": 61, "num_epochs": 593, "test_loss": 0.0010910692811012268, "test_accuracy": 0.18571428954601288, "_wandb": {"runtime": 20}}