{"time": 20.01503300666809, "train_loss_per_epoch": 0.0006960213822977884, "val_loss_per_epoch": 0.0009805102149645487, "train_loss_per_time": 0.0006960213822977884, "val_loss_per_time": 0.0009805102149645487, "train_accuracy_per_epoch": 0.20000000298023224, "val_accuracy_per_epoch": 0.20000000298023224, "train_accuracy_per_time": 0.20000000298023224, "val_accuracy_per_time": 0.20000000298023224, "_timestamp": 1708145305.6357336, "_runtime": 24.87652063369751, "_step": 90, "num_epochs": 886, "test_loss": 0.0009619032343228658, "test_accuracy": 0.1818181872367859, "_wandb": {"runtime": 20}}