{"time": 20.00789475440979, "train_loss_per_epoch": 1.4422325553563755e-05, "val_loss_per_epoch": 0.0003373497227827708, "train_loss_per_time": 1.4422325553563755e-05, "val_loss_per_time": 0.0003373497227827708, "train_accuracy_per_epoch": 0.9829546809196472, "val_accuracy_per_epoch": 0.8310714364051819, "train_accuracy_per_time": 0.9829546809196472, "val_accuracy_per_time": 0.8310714364051819, "_timestamp": 1708112373.4842293, "_runtime": 23.039611339569092, "_step": 115, "num_epochs": 1132, "test_loss": 0.0005178656677405039, "test_accuracy": 0.8296176791191101, "_wandb": {"runtime": 20}}