{"time": 20.267611265182495, "train_loss_per_epoch": 0.0006144378972905023, "val_loss_per_epoch": 0.000715530663728714, "train_loss_per_time": 0.0006144378972905023, "val_loss_per_time": 0.000715530663728714, "train_accuracy_per_epoch": 0.6446678638458252, "val_accuracy_per_epoch": 0.6634920835494995, "train_accuracy_per_time": 0.6446678638458252, "val_accuracy_per_time": 0.6634920835494995, "_timestamp": 1708187850.9991639, "_runtime": 26.43124294281006, "_step": 4, "num_epochs": 29, "test_loss": 0.0005264688034852346, "test_accuracy": 0.7412698864936829, "_wandb": {"runtime": 21}}