{"time": 1.4319672584533691, "train_loss_per_epoch": 0.0008772339139665876, "val_loss_per_epoch": 0.0010756407181421916, "train_loss_per_time": 0.0008772339139665876, "val_loss_per_time": 0.0010756407181421916, "train_accuracy_per_epoch": 0.2818276584148407, "val_accuracy_per_epoch": 0.27916666865348816, "train_accuracy_per_time": 0.2818276584148407, "val_accuracy_per_time": 0.27916666865348816, "_timestamp": 1707841649.9994755, "_runtime": 4.2811315059661865, "_step": 6, "num_epochs": 50, "test_loss": 0.001079100469748179, "test_accuracy": 0.36000001430511475, "_wandb": {"runtime": 1}}