{"time": 20.03008723258972, "train_loss_per_epoch": 2.408235955434585e-05, "val_loss_per_epoch": 0.0005385081470012665, "train_loss_per_time": 2.408235955434585e-05, "val_loss_per_time": 0.0005385081470012665, "train_accuracy_per_epoch": 0.9848304986953735, "val_accuracy_per_epoch": 0.7465367913246155, "train_accuracy_per_time": 0.9848304986953735, "val_accuracy_per_time": 0.7465367913246155, "_timestamp": 1708111048.6300187, "_runtime": 22.428319692611694, "_step": 81, "num_epochs": 798, "test_loss": 0.0004517639676729838, "test_accuracy": 0.7522979974746704, "_wandb": {"runtime": 20}}