{"time": 56.054171562194824, "train_loss_per_epoch": 1.5684116972676876e-05, "val_loss_per_epoch": 6.182078520456949e-06, "train_loss_vs_time": 1.5684116972676876e-05, "val_loss_vs_time": 6.182078520456949e-06, "_timestamp": 1706810995.8332453, "_runtime": 63.281132221221924, "_step": 10, "test_loss": 0.0004145920773347219, "num_parameters": 124710, "_wandb": {"runtime": 60}}