{"time": 299.99141812324524, "train_loss_per_epoch": 2.7235096231210955e-15, "val_loss_per_epoch": 5.182393723063999e-06, "train_loss_vs_time": 2.7235096231210955e-15, "val_loss_vs_time": 5.182393723063999e-06, "_timestamp": 1706748239.3300967, "_runtime": 302.5876717567444, "_step": 963, "test_loss": 0.0003842720886071523, "num_parameters": 63000, "_wandb": {"runtime": 300}}