{"time": 20.023269176483154, "train_loss_per_epoch": 6.259307930512088e-05, "val_loss_per_epoch": 0.00048049107193946837, "train_loss_per_time": 6.259307930512088e-05, "val_loss_per_time": 0.00048049107193946837, "train_accuracy_per_epoch": 0.9787501096725464, "val_accuracy_per_epoch": 0.7686111330986023, "train_accuracy_per_time": 0.9787501096725464, "val_accuracy_per_time": 0.7686111330986023, "_timestamp": 1708189124.101608, "_runtime": 22.284003019332886, "_step": 16, "num_epochs": 142, "test_loss": 0.0003522138545910517, "test_accuracy": 0.7950793504714966, "_wandb": {"runtime": 20}}