{"time": 20.02217411994934, "train_loss_per_epoch": 3.201223928564494e-05, "val_loss_per_epoch": 0.0008434818188349406, "train_loss_per_time": 3.201223928564494e-05, "val_loss_per_time": 0.0008434818188349406, "train_accuracy_per_epoch": 0.9787927865982056, "val_accuracy_per_epoch": 0.631944477558136, "train_accuracy_per_time": 0.9787927865982056, "val_accuracy_per_time": 0.631944477558136, "_timestamp": 1708192329.5617123, "_runtime": 22.699278354644775, "_step": 64, "num_epochs": 622, "test_loss": 0.000498152623573939, "test_accuracy": 0.7770299315452576, "_wandb": {"runtime": 20}}