{"time": 20.01490354537964, "train_loss_per_epoch": 3.3461648177178308e-06, "val_loss_per_epoch": 0.00038543852667013805, "train_loss_per_time": 3.3461648177178308e-06, "val_loss_per_time": 0.00038543852667013805, "train_accuracy_per_epoch": 0.9968750476837158, "val_accuracy_per_epoch": 0.8152777552604675, "train_accuracy_per_time": 0.9968750476837158, "val_accuracy_per_time": 0.8152777552604675, "_timestamp": 1708117578.1009524, "_runtime": 22.674328327178955, "_step": 152, "num_epochs": 1501, "test_loss": 0.00037137046456336975, "test_accuracy": 0.839722216129303, "_wandb": {"runtime": 20}}