{"time": 295.37885451316833, "train_loss_per_epoch": 1.3681336470524131e-05, "val_loss_per_epoch": 4.81636557314131e-06, "train_loss_vs_time": 1.3681336470524131e-05, "val_loss_vs_time": 4.81636557314131e-06, "_timestamp": 1706741901.6996562, "_runtime": 303.37304735183716, "_step": 56, "test_loss": 0.0002989862362543742, "num_parameters": 124710, "_wandb": {"runtime": 300}}