{"time": 20.034546613693237, "train_loss_per_epoch": 8.619556602622781e-05, "val_loss_per_epoch": 0.0009929789106051126, "train_loss_per_time": 8.619556602622781e-05, "val_loss_per_time": 0.0009929789106051126, "train_accuracy_per_epoch": 0.9258752465248108, "val_accuracy_per_epoch": 0.5889926552772522, "train_accuracy_per_time": 0.9258752465248108, "val_accuracy_per_time": 0.5889926552772522, "_timestamp": 1708114024.7539573, "_runtime": 23.737455368041992, "_step": 52, "num_epochs": 503, "test_loss": 0.0011328773697217305, "test_accuracy": 0.5216342210769653, "_wandb": {"runtime": 20}}