{"time": 20.01892900466919, "train_loss_per_epoch": 7.4809587843317e-05, "val_loss_per_epoch": 0.0011565763751665752, "train_loss_per_time": 7.4809587843317e-05, "val_loss_per_time": 0.0011565763751665752, "train_accuracy_per_epoch": 0.9590765237808228, "val_accuracy_per_epoch": 0.3978021740913391, "train_accuracy_per_time": 0.9590765237808228, "val_accuracy_per_time": 0.3978021740913391, "_timestamp": 1708189047.7689412, "_runtime": 23.156623125076294, "_step": 64, "num_epochs": 629, "test_loss": 0.00121384193499883, "test_accuracy": 0.4499603509902954, "_wandb": {"runtime": 20}}