{"time": 20.05237078666687, "train_loss_per_epoch": 0.0007439388654061726, "val_loss_per_epoch": 0.0012574999531110127, "train_loss_per_time": 0.0007439388654061726, "val_loss_per_time": 0.0012574999531110127, "train_accuracy_per_epoch": 0.20000000298023224, "val_accuracy_per_epoch": 0.20000000298023224, "train_accuracy_per_time": 0.20000000298023224, "val_accuracy_per_time": 0.20000000298023224, "_timestamp": 1708142787.1963959, "_runtime": 22.980920791625977, "_step": 65, "num_epochs": 634, "test_loss": 0.0011709906657536824, "test_accuracy": 0.19090908765792847, "_wandb": {"runtime": 20}}