{"time": 20.01817274093628, "train_loss_per_epoch": 7.011677187977382e-06, "val_loss_per_epoch": 0.00037565179169178007, "train_loss_per_time": 7.011677187977382e-06, "val_loss_per_time": 0.00037565179169178007, "train_accuracy_per_epoch": 0.9908334016799927, "val_accuracy_per_epoch": 0.8105772733688354, "train_accuracy_per_time": 0.9908334016799927, "val_accuracy_per_time": 0.8105772733688354, "_timestamp": 1708110246.3393161, "_runtime": 22.750744104385376, "_step": 133, "num_epochs": 1318, "test_loss": 0.00032445549964904785, "test_accuracy": 0.8497222065925598, "_wandb": {"runtime": 20}}