{"time": 20.05140495300293, "train_loss_per_epoch": 9.793142522019999e-05, "val_loss_per_epoch": 0.0002770951886971792, "train_loss_per_time": 9.793142522019999e-05, "val_loss_per_time": 0.0002770951886971792, "train_accuracy_per_epoch": 0.9669715762138367, "val_accuracy_per_epoch": 0.8194351196289062, "train_accuracy_per_time": 0.9669715762138367, "val_accuracy_per_time": 0.8194351196289062, "_timestamp": 1708112843.496636, "_runtime": 23.292927026748657, "_step": 18, "num_epochs": 170, "test_loss": 0.0003035260240236918, "test_accuracy": 0.8176840543746948, "_wandb": {"runtime": 20}}