{"time": 20.009974241256714, "train_loss_per_epoch": 8.354923408790325e-06, "val_loss_per_epoch": 0.0003280172993739446, "train_loss_per_time": 8.354923408790325e-06, "val_loss_per_time": 0.0003280172993739446, "train_accuracy_per_epoch": 0.9950001239776611, "val_accuracy_per_epoch": 0.8094505667686462, "train_accuracy_per_time": 0.9950001239776611, "val_accuracy_per_time": 0.8094505667686462, "_timestamp": 1708190132.638432, "_runtime": 22.72047710418701, "_step": 149, "num_epochs": 1472, "test_loss": 0.0005241154134273529, "test_accuracy": 0.6866666674613953, "_wandb": {"runtime": 20}}