{"time": 20.00177574157715, "train_loss_per_epoch": 0.0007064189655440194, "val_loss_per_epoch": 0.0011358524362246195, "train_loss_per_time": 0.0007064189655440194, "val_loss_per_time": 0.0011358524362246195, "train_accuracy_per_epoch": 0.20000000298023224, "val_accuracy_per_epoch": 0.18571428954601288, "train_accuracy_per_time": 0.20000000298023224, "val_accuracy_per_time": 0.18571428954601288, "_timestamp": 1708110563.3328762, "_runtime": 22.587860107421875, "_step": 158, "num_epochs": 1567, "test_loss": 0.0010600807269414267, "test_accuracy": 0.20000000298023224, "_wandb": {"runtime": 20}}