{"time": 20.002138137817383, "train_loss_per_epoch": 1.1122694819018112e-07, "val_loss_per_epoch": 0.00046158949534098306, "train_loss_per_time": 1.1122694819018112e-07, "val_loss_per_time": 0.00046158949534098306, "train_accuracy_per_epoch": 1.0000001192092896, "val_accuracy_per_epoch": 0.7853479981422424, "train_accuracy_per_time": 1.0000001192092896, "val_accuracy_per_time": 0.7853479981422424, "_timestamp": 1708144612.195346, "_runtime": 22.77803611755371, "_step": 60, "num_epochs": 587, "test_loss": 0.00034067027270793913, "test_accuracy": 0.8028896450996399, "_wandb": {"runtime": 20}}