{"time": 20.013347148895264, "train_loss_per_epoch": 3.4146556364638464e-05, "val_loss_per_epoch": 0.0005116984248161316, "train_loss_per_time": 3.4146556364638464e-05, "val_loss_per_time": 0.0005116984248161316, "train_accuracy_per_epoch": 0.983005166053772, "val_accuracy_per_epoch": 0.7705554962158203, "train_accuracy_per_time": 0.983005166053772, "val_accuracy_per_time": 0.7705554962158203, "_timestamp": 1708189092.4358974, "_runtime": 24.92676329612732, "_step": 34, "num_epochs": 330, "test_loss": 0.0003359461824099223, "test_accuracy": 0.8500000238418579, "_wandb": {"runtime": 20}}