{"time": 20.03876519203186, "train_loss_per_epoch": 4.98719177474933e-05, "val_loss_per_epoch": 0.00038784158726533254, "train_loss_per_time": 4.98719177474933e-05, "val_loss_per_time": 0.00038784158726533254, "train_accuracy_per_epoch": 0.9665443897247314, "val_accuracy_per_epoch": 0.8064285516738892, "train_accuracy_per_time": 0.9665443897247314, "val_accuracy_per_time": 0.8064285516738892, "_timestamp": 1708190266.4264822, "_runtime": 21.96268630027771, "_step": 43, "num_epochs": 416, "test_loss": 0.0006140445172786713, "test_accuracy": 0.6739213466644287, "_wandb": {"runtime": 20}}