{"time": 20.061182260513306, "train_loss_per_epoch": 3.485355592731919e-05, "val_loss_per_epoch": 0.0003451429307460785, "train_loss_per_time": 3.485355592731919e-05, "val_loss_per_time": 0.0003451429307460785, "train_accuracy_per_epoch": 0.9916667938232422, "val_accuracy_per_epoch": 0.793012261390686, "train_accuracy_per_time": 0.9916667938232422, "val_accuracy_per_time": 0.793012261390686, "_timestamp": 1708145547.7393923, "_runtime": 22.818061351776123, "_step": 22, "num_epochs": 205, "test_loss": 0.0004236594835917155, "test_accuracy": 0.8351587057113647, "_wandb": {"runtime": 20}}