{"time": 20.012810945510864, "train_loss_per_epoch": 4.43541572063363e-05, "val_loss_per_epoch": 0.0007310160497824351, "train_loss_per_time": 4.43541572063363e-05, "val_loss_per_time": 0.0007310160497824351, "train_accuracy_per_epoch": 0.9751921892166138, "val_accuracy_per_epoch": 0.6692460179328918, "train_accuracy_per_time": 0.9751921892166138, "val_accuracy_per_time": 0.6692460179328918, "_timestamp": 1708191834.0048568, "_runtime": 22.53066873550415, "_step": 93, "num_epochs": 918, "test_loss": 0.00041949570178985597, "test_accuracy": 0.8124786019325256, "_wandb": {"runtime": 20}}