{"time": 20.000232458114624, "train_loss_per_epoch": 0.000607829104576792, "val_loss_per_epoch": 0.0009492530425389608, "train_loss_per_time": 0.000607829104576792, "val_loss_per_time": 0.0009492530425389608, "train_accuracy_per_epoch": 0.5426849126815796, "val_accuracy_per_epoch": 0.3784981667995453, "train_accuracy_per_time": 0.5426849126815796, "val_accuracy_per_time": 0.3784981667995453, "_timestamp": 1708115072.0654817, "_runtime": 23.788793563842773, "_step": 75, "num_epochs": 732, "test_loss": 0.0009916659196217855, "test_accuracy": 0.36079367995262146, "_wandb": {"runtime": 20}}