{"time": 20.034705638885498, "train_loss_per_epoch": 7.288100330957345e-05, "val_loss_per_epoch": 0.00044675956169764204, "train_loss_per_time": 7.288100330957345e-05, "val_loss_per_time": 0.00044675956169764204, "train_accuracy_per_epoch": 0.9707639217376709, "val_accuracy_per_epoch": 0.7606276273727417, "train_accuracy_per_time": 0.9707639217376709, "val_accuracy_per_time": 0.7606276273727417, "_timestamp": 1708115309.817553, "_runtime": 22.04562211036682, "_step": 40, "num_epochs": 386, "test_loss": 0.0005085489650567373, "test_accuracy": 0.7486507892608643, "_wandb": {"runtime": 20}}