{"time": 20.00631833076477, "train_loss_per_epoch": 0.0009020784284387316, "val_loss_per_epoch": 0.0011623113354047138, "train_loss_per_time": 0.0009020784284387316, "val_loss_per_time": 0.0011623113354047138, "train_accuracy_per_epoch": 0.19843749701976776, "val_accuracy_per_epoch": 0.20000000298023224, "train_accuracy_per_time": 0.19843749701976776, "val_accuracy_per_time": 0.20000000298023224, "_timestamp": 1708114732.3095112, "_runtime": 22.520209074020386, "_step": 151, "num_epochs": 1499, "test_loss": 0.0011380369464556376, "test_accuracy": 0.20000000298023224, "_wandb": {"runtime": 20}}