{"time": 20.009652137756348, "train_loss_per_epoch": 2.2829182645572082e-05, "val_loss_per_epoch": 0.0006633363664150238, "train_loss_per_time": 2.2829182645572082e-05, "val_loss_per_time": 0.0006633363664150238, "train_accuracy_per_epoch": 0.9813889265060425, "val_accuracy_per_epoch": 0.7069652676582336, "train_accuracy_per_time": 0.9813889265060425, "val_accuracy_per_time": 0.7069652676582336, "_timestamp": 1708114617.246288, "_runtime": 22.667893171310425, "_step": 65, "num_epochs": 636, "test_loss": 0.0008706789215405782, "test_accuracy": 0.5761110782623291, "_wandb": {"runtime": 20}}