{"time": 20.142012357711792, "train_loss_per_epoch": 0.0001104224579674857, "val_loss_per_epoch": 0.0003897814949353536, "train_loss_per_time": 0.0001104224579674857, "val_loss_per_time": 0.0003897814949353536, "train_accuracy_per_epoch": 0.9772412180900574, "val_accuracy_per_epoch": 0.858571469783783, "train_accuracy_per_time": 0.9772412180900574, "val_accuracy_per_time": 0.858571469783783, "_timestamp": 1708111318.5119903, "_runtime": 22.47569727897644, "_step": 11, "num_epochs": 96, "test_loss": 0.0003686509778102239, "test_accuracy": 0.8637266159057617, "_wandb": {"runtime": 20}}