{"time": 599.7509963512421, "train_loss_per_epoch": 1.7142857958027833e-05, "val_loss_per_epoch": 1.0313491026560465e-05, "train_loss_vs_time": 1.7142857958027833e-05, "val_loss_vs_time": 1.0313491026560465e-05, "_timestamp": 1706759139.4621139, "_runtime": 602.4966418743134, "_step": 2161, "test_loss": 0.000872158408164978, "num_parameters": 31600, "_wandb": {"runtime": 600}}