{"time": 20.005016803741455, "train_loss_per_epoch": 0.0006831414465393339, "val_loss_per_epoch": 0.00088563472032547, "train_loss_per_time": 0.0006831414465393339, "val_loss_per_time": 0.00088563472032547, "train_accuracy_per_epoch": 0.522820234298706, "val_accuracy_per_epoch": 0.44641414284706116, "train_accuracy_per_time": 0.522820234298706, "val_accuracy_per_time": 0.44641414284706116, "_timestamp": 1708113215.134481, "_runtime": 23.1078679561615, "_step": 103, "num_epochs": 1012, "test_loss": 0.0009343464175860087, "test_accuracy": 0.40511906147003174, "_wandb": {"runtime": 20}}