{"time": 20.020880460739136, "train_loss_per_epoch": 0.000793976868901934, "val_loss_per_epoch": 0.0011481250325838725, "train_loss_per_time": 0.000793976868901934, "val_loss_per_time": 0.0011481250325838725, "train_accuracy_per_epoch": 0.20000000298023224, "val_accuracy_per_epoch": 0.20000000298023224, "train_accuracy_per_time": 0.20000000298023224, "val_accuracy_per_time": 0.20000000298023224, "_timestamp": 1708191414.6890125, "_runtime": 23.057010412216187, "_step": 33, "num_epochs": 313, "test_loss": 0.0011085633436838786, "test_accuracy": 0.20000000298023224, "_wandb": {"runtime": 20}}