{"time": 122.76692414283752, "train_loss_per_epoch": 0.0007970633889947618, "val_loss_per_epoch": 0.001262947271267573, "train_loss_per_time": 0.0007970633889947618, "val_loss_per_time": 0.001262947271267573, "train_accuracy_per_epoch": 0.34381619095802307, "val_accuracy_per_epoch": 0.09177760034799576, "train_accuracy_per_time": 0.34381619095802307, "val_accuracy_per_time": 0.09177760034799576, "_timestamp": 1708207045.644248, "_runtime": 128.59481000900269, "_step": 6, "num_epochs": 43, "test_loss": 0.0012963236371676128, "test_accuracy": 0.09662698954343796, "_wandb": {"runtime": 123}}