{"time": 20.011066913604736, "train_loss_per_epoch": 7.545968765043654e-06, "val_loss_per_epoch": 0.00031381150086720784, "train_loss_per_time": 7.545968765043654e-06, "val_loss_per_time": 0.00031381150086720784, "train_accuracy_per_epoch": 0.9949495792388916, "val_accuracy_per_epoch": 0.8795238137245178, "train_accuracy_per_time": 0.9949495792388916, "val_accuracy_per_time": 0.8795238137245178, "_timestamp": 1708111382.5189052, "_runtime": 23.04587721824646, "_step": 56, "num_epochs": 542, "test_loss": 0.00041287332773208617, "test_accuracy": 0.8157467842102051, "_wandb": {"runtime": 20}}