{"time": 20.11631202697754, "train_loss_per_epoch": 9.836316640887941e-05, "val_loss_per_epoch": 0.0002611517657836278, "train_loss_per_time": 9.836316640887941e-05, "val_loss_per_time": 0.0002611517657836278, "train_accuracy_per_epoch": 0.9891053438186646, "val_accuracy_per_epoch": 0.871666669845581, "train_accuracy_per_time": 0.9891053438186646, "val_accuracy_per_time": 0.871666669845581, "_timestamp": 1708190585.9718409, "_runtime": 22.626909971237183, "_step": 15, "num_epochs": 139, "test_loss": 0.0003918415556351344, "test_accuracy": 0.8175793886184692, "_wandb": {"runtime": 20}}