{"time": 20.00093126296997, "train_loss_per_epoch": 7.303649685387167e-06, "val_loss_per_epoch": 0.0004280186692873637, "train_loss_per_time": 7.303649685387167e-06, "val_loss_per_time": 0.0004280186692873637, "train_accuracy_per_epoch": 0.9958333969116211, "val_accuracy_per_epoch": 0.7771031856536865, "train_accuracy_per_time": 0.9958333969116211, "val_accuracy_per_time": 0.7771031856536865, "_timestamp": 1708191865.4392037, "_runtime": 22.793983697891235, "_step": 54, "num_epochs": 524, "test_loss": 0.0003459317982196808, "test_accuracy": 0.7067521214485168, "_wandb": {"runtime": 20}}