{"time": 20.002554416656494, "train_loss_per_epoch": 6.376650389938732e-09, "val_loss_per_epoch": 0.00031613479057947795, "train_loss_per_time": 6.376650389938732e-09, "val_loss_per_time": 0.00031613479057947795, "train_accuracy_per_epoch": 1.0000001192092896, "val_accuracy_per_epoch": 0.8327742218971252, "train_accuracy_per_time": 1.0000001192092896, "val_accuracy_per_time": 0.8327742218971252, "_timestamp": 1708189836.064995, "_runtime": 22.843613147735596, "_step": 157, "num_epochs": 1559, "test_loss": 0.00043223068118095396, "test_accuracy": 0.795714259147644, "_wandb": {"runtime": 20}}