{"time": 20.04295015335083, "train_loss_per_epoch": 0.00014233885599034172, "val_loss_per_epoch": 0.00046012625098228454, "train_loss_per_time": 0.00014233885599034172, "val_loss_per_time": 0.00046012625098228454, "train_accuracy_per_epoch": 0.9645915031433105, "val_accuracy_per_epoch": 0.7406277060508728, "train_accuracy_per_time": 0.9645915031433105, "val_accuracy_per_time": 0.7406277060508728, "_timestamp": 1708111018.144987, "_runtime": 23.1879780292511, "_step": 10, "num_epochs": 85, "test_loss": 0.00035590459903081257, "test_accuracy": 0.8219012022018433, "_wandb": {"runtime": 20}}