{"time": 20.010026216506958, "train_loss_per_epoch": 0.0004813813843897411, "val_loss_per_epoch": 0.0008748963475227356, "train_loss_per_time": 0.0004813813843897411, "val_loss_per_time": 0.0008748963475227356, "train_accuracy_per_epoch": 0.6916971206665039, "val_accuracy_per_epoch": 0.49438342452049255, "train_accuracy_per_time": 0.6916971206665039, "val_accuracy_per_time": 0.49438342452049255, "_timestamp": 1708142593.0995798, "_runtime": 25.97559690475464, "_step": 119, "num_epochs": 1171, "test_loss": 0.0007720535000165303, "test_accuracy": 0.5690404176712036, "_wandb": {"runtime": 20}}