{"time": 20.00777769088745, "train_loss_per_epoch": 3.351297990385709e-06, "val_loss_per_epoch": 0.0003016376992066701, "train_loss_per_time": 3.351297990385709e-06, "val_loss_per_time": 0.0003016376992066701, "train_accuracy_per_epoch": 0.9964287281036377, "val_accuracy_per_epoch": 0.8565475940704346, "train_accuracy_per_time": 0.9964287281036377, "val_accuracy_per_time": 0.8565475940704346, "_timestamp": 1708190363.2924569, "_runtime": 22.6347918510437, "_step": 73, "num_epochs": 713, "test_loss": 0.00041596834858258566, "test_accuracy": 0.803762674331665, "_wandb": {"runtime": 20}}