{"time": 20.009273529052734, "train_loss_per_epoch": 6.922172543519471e-06, "val_loss_per_epoch": 0.0004507465163866679, "train_loss_per_time": 6.922172543519471e-06, "val_loss_per_time": 0.0004507465163866679, "train_accuracy_per_epoch": 0.9914286136627197, "val_accuracy_per_epoch": 0.7582540512084961, "train_accuracy_per_time": 0.9914286136627197, "val_accuracy_per_time": 0.7582540512084961, "_timestamp": 1708113625.640636, "_runtime": 23.6179039478302, "_step": 128, "num_epochs": 1266, "test_loss": 0.00039208469291528066, "test_accuracy": 0.8285316824913025, "_wandb": {"runtime": 20}}