{"time": 20.052162408828735, "train_loss_per_epoch": 5.6194115563162736e-05, "val_loss_per_epoch": 0.0005275288720925649, "train_loss_per_time": 5.6194115563162736e-05, "val_loss_per_time": 0.0005275288720925649, "train_accuracy_per_epoch": 0.9766559600830078, "val_accuracy_per_epoch": 0.7256276607513428, "train_accuracy_per_time": 0.9766559600830078, "val_accuracy_per_time": 0.7256276607513428, "_timestamp": 1708115524.1002839, "_runtime": 23.308165788650513, "_step": 15, "num_epochs": 135, "test_loss": 0.00041301826635996503, "test_accuracy": 0.7943650484085083, "_wandb": {"runtime": 20}}