{"time": 20.02902626991272, "train_loss_per_epoch": 0.0001782067572431905, "val_loss_per_epoch": 0.0010236706336339315, "train_loss_per_time": 0.0001782067572431905, "val_loss_per_time": 0.0010236706336339315, "train_accuracy_per_epoch": 0.9623519778251648, "val_accuracy_per_epoch": 0.47770923376083374, "train_accuracy_per_time": 0.9623519778251648, "val_accuracy_per_time": 0.47770923376083374, "_timestamp": 1708116451.4515917, "_runtime": 22.670682668685913, "_step": 26, "num_epochs": 246, "test_loss": 0.0009523511926333109, "test_accuracy": 0.5441269874572754, "_wandb": {"runtime": 20}}