{"time": 20.021846532821655, "train_loss_per_epoch": 3.7193276823797663e-06, "val_loss_per_epoch": 0.0003552514563004176, "train_loss_per_time": 3.7193276823797663e-06, "val_loss_per_time": 0.0003552514563004176, "train_accuracy_per_epoch": 0.9964286088943481, "val_accuracy_per_epoch": 0.8209884166717529, "train_accuracy_per_time": 0.9964286088943481, "val_accuracy_per_time": 0.8209884166717529, "_timestamp": 1708117206.7266147, "_runtime": 22.487416744232178, "_step": 68, "num_epochs": 668, "test_loss": 0.00033032084504763283, "test_accuracy": 0.8128571510314941, "_wandb": {"runtime": 20}}