{"time": 20.084460973739624, "train_loss_per_epoch": 2.9499849188141527e-06, "val_loss_per_epoch": 0.0005003659923871358, "train_loss_per_time": 2.9499849188141527e-06, "val_loss_per_time": 0.0005003659923871358, "train_accuracy_per_epoch": 1.0000001192092896, "val_accuracy_per_epoch": 0.6866053342819214, "train_accuracy_per_time": 1.0000001192092896, "val_accuracy_per_time": 0.6866053342819214, "_timestamp": 1708116353.9415185, "_runtime": 22.75693154335022, "_step": 26, "num_epochs": 242, "test_loss": 0.0003401183833678563, "test_accuracy": 0.8223809599876404, "_wandb": {"runtime": 20}}