{"time": 20.110875368118286, "train_loss_per_epoch": 0.00022470063396862574, "val_loss_per_epoch": 0.000500032901763916, "train_loss_per_time": 0.00022470063396862574, "val_loss_per_time": 0.000500032901763916, "train_accuracy_per_epoch": 0.920742392539978, "val_accuracy_per_epoch": 0.6952308416366577, "train_accuracy_per_time": 0.920742392539978, "val_accuracy_per_time": 0.6952308416366577, "_timestamp": 1708144851.5337622, "_runtime": 22.492693185806274, "_step": 18, "num_epochs": 165, "test_loss": 0.00044994582732518513, "test_accuracy": 0.7627272605895996, "_wandb": {"runtime": 20}}