{"time": 20.017000436782837, "train_loss_per_epoch": 1.7907297904977376e-05, "val_loss_per_epoch": 0.0003612737605969111, "train_loss_per_time": 1.7907297904977376e-05, "val_loss_per_time": 0.0003612737605969111, "train_accuracy_per_epoch": 0.9858962297439575, "val_accuracy_per_epoch": 0.8278174996376038, "train_accuracy_per_time": 0.9858962297439575, "val_accuracy_per_time": 0.8278174996376038, "_timestamp": 1708192173.564639, "_runtime": 22.482940196990967, "_step": 51, "num_epochs": 493, "test_loss": 0.00024108894169330597, "test_accuracy": 0.8792521357536316, "_wandb": {"runtime": 20}}