{"time": 20.043723583221436, "train_loss_per_epoch": 6.158558818112527e-05, "val_loss_per_epoch": 0.0007046420872211457, "train_loss_per_time": 6.158558818112527e-05, "val_loss_per_time": 0.0007046420872211457, "train_accuracy_per_epoch": 0.955531120300293, "val_accuracy_per_epoch": 0.6694444417953491, "train_accuracy_per_time": 0.955531120300293, "val_accuracy_per_time": 0.6694444417953491, "_timestamp": 1708113689.4566462, "_runtime": 23.336554288864136, "_step": 22, "num_epochs": 206, "test_loss": 0.0006641525030136108, "test_accuracy": 0.6749603152275085, "_wandb": {"runtime": 20}}