{"time": 20.01550793647766, "train_loss_per_epoch": 1.0516496579059874e-05, "val_loss_per_epoch": 0.0005005184809366862, "train_loss_per_time": 1.0516496579059874e-05, "val_loss_per_time": 0.0005005184809366862, "train_accuracy_per_epoch": 0.9945056438446045, "val_accuracy_per_epoch": 0.7070879340171814, "train_accuracy_per_time": 0.9945056438446045, "val_accuracy_per_time": 0.7070879340171814, "_timestamp": 1708144706.2687654, "_runtime": 23.221535444259644, "_step": 123, "num_epochs": 1211, "test_loss": 0.0006313718855381012, "test_accuracy": 0.7111364006996155, "_wandb": {"runtime": 20}}