{"time": 308.99605989456177, "train_loss_per_epoch": 0.0008909966711487089, "val_loss_per_epoch": 0.0009940996567408243, "train_loss_per_time": 0.0008909966711487089, "val_loss_per_time": 0.0009940996567408243, "train_accuracy_per_epoch": 0.23145002126693726, "val_accuracy_per_epoch": 0.12974250316619873, "train_accuracy_per_time": 0.23145002126693726, "val_accuracy_per_time": 0.12974250316619873, "_timestamp": 1708209912.7820027, "_runtime": 312.56417179107666, "_step": 3, "num_epochs": 17, "test_loss": 0.0010367391407489776, "test_accuracy": 0.09872150421142578, "_wandb": {"runtime": 309}}