{"time": 20.022499561309814, "train_loss_per_epoch": 1.4230641422078147e-08, "val_loss_per_epoch": 0.00046766464908917744, "train_loss_per_time": 1.4230641422078147e-08, "val_loss_per_time": 0.00046766464908917744, "train_accuracy_per_epoch": 1.0000001192092896, "val_accuracy_per_epoch": 0.7918506860733032, "train_accuracy_per_time": 1.0000001192092896, "val_accuracy_per_time": 0.7918506860733032, "_timestamp": 1708111142.7591722, "_runtime": 22.828588247299194, "_step": 126, "num_epochs": 1248, "test_loss": 0.00030636198818683624, "test_accuracy": 0.8205122947692871, "_wandb": {"runtime": 20}}