{"time": 20.006720066070557, "train_loss_per_epoch": 0.0007710252808673041, "val_loss_per_epoch": 0.0012580960988998412, "train_loss_per_time": 0.0007710252808673041, "val_loss_per_time": 0.0012580960988998412, "train_accuracy_per_epoch": 0.20000000298023224, "val_accuracy_per_epoch": 0.18571428954601288, "train_accuracy_per_time": 0.20000000298023224, "val_accuracy_per_time": 0.18571428954601288, "_timestamp": 1708188397.5885942, "_runtime": 22.850061178207397, "_step": 175, "num_epochs": 1735, "test_loss": 0.0011740181843439739, "test_accuracy": 0.17500001192092896, "_wandb": {"runtime": 20}}