{"time": 20.037840843200684, "train_loss_per_epoch": 9.90429919745241e-05, "val_loss_per_epoch": 0.0005317477385203043, "train_loss_per_time": 9.90429919745241e-05, "val_loss_per_time": 0.0005317477385203043, "train_accuracy_per_epoch": 0.9456029534339905, "val_accuracy_per_epoch": 0.668917715549469, "train_accuracy_per_time": 0.9456029534339905, "val_accuracy_per_time": 0.668917715549469, "_timestamp": 1708110981.459955, "_runtime": 23.55955195426941, "_step": 23, "num_epochs": 216, "test_loss": 0.0003935125966866811, "test_accuracy": 0.7447547316551208, "_wandb": {"runtime": 20}}