{"time": 20.008513927459717, "train_loss_per_epoch": 0.0009327296699796404, "val_loss_per_epoch": 0.001121027668317159, "train_loss_per_time": 0.0009327296699796404, "val_loss_per_time": 0.001121027668317159, "train_accuracy_per_epoch": 0.10000000149011612, "val_accuracy_per_epoch": 0.10000000149011612, "train_accuracy_per_time": 0.10000000149011612, "val_accuracy_per_time": 0.10000000149011612, "_timestamp": 1708144882.7687168, "_runtime": 22.86534571647644, "_step": 78, "num_epochs": 766, "test_loss": 0.001102152665456136, "test_accuracy": 0.10000000149011612, "_wandb": {"runtime": 20}}