{"time": 20.008366107940674, "train_loss_per_epoch": 0.0007717009740216391, "val_loss_per_epoch": 0.0011584386229515076, "train_loss_per_time": 0.0007717009740216391, "val_loss_per_time": 0.0011584386229515076, "train_accuracy_per_epoch": 0.20000000298023224, "val_accuracy_per_epoch": 0.20000000298023224, "train_accuracy_per_time": 0.20000000298023224, "val_accuracy_per_time": 0.20000000298023224, "_timestamp": 1708145006.5656395, "_runtime": 22.927866458892822, "_step": 141, "num_epochs": 1393, "test_loss": 0.0010496188203493754, "test_accuracy": 0.20000000298023224, "_wandb": {"runtime": 20}}