{"time": 20.00529646873474, "train_loss_per_epoch": 5.405283394793514e-05, "val_loss_per_epoch": 0.000934638778368632, "train_loss_per_time": 5.405283394793514e-05, "val_loss_per_time": 0.000934638778368632, "train_accuracy_per_epoch": 0.9683891534805298, "val_accuracy_per_epoch": 0.5258550047874451, "train_accuracy_per_time": 0.9683891534805298, "val_accuracy_per_time": 0.5258550047874451, "_timestamp": 1708114260.2226312, "_runtime": 23.171330213546753, "_step": 136, "num_epochs": 1347, "test_loss": 0.0007337396840254466, "test_accuracy": 0.6518181562423706, "_wandb": {"runtime": 20}}