{"time": 20.00512671470642, "train_loss_per_epoch": 7.464473650803224e-06, "val_loss_per_epoch": 0.0005959408978621165, "train_loss_per_time": 7.464473650803224e-06, "val_loss_per_time": 0.0005959408978621165, "train_accuracy_per_epoch": 0.9930770397186279, "val_accuracy_per_epoch": 0.7232034206390381, "train_accuracy_per_time": 0.9930770397186279, "val_accuracy_per_time": 0.7232034206390381, "_timestamp": 1708192431.5010972, "_runtime": 22.308983087539673, "_step": 82, "num_epochs": 805, "test_loss": 0.00030067741870880125, "test_accuracy": 0.8582899570465088, "_wandb": {"runtime": 20}}