{"time": 20.02863883972168, "train_loss_per_epoch": 4.591761423008783e-05, "val_loss_per_epoch": 0.0008010318875312805, "train_loss_per_time": 4.591761423008783e-05, "val_loss_per_time": 0.0008010318875312805, "train_accuracy_per_epoch": 0.97126305103302, "val_accuracy_per_epoch": 0.6662626266479492, "train_accuracy_per_time": 0.97126305103302, "val_accuracy_per_time": 0.6662626266479492, "_timestamp": 1708112786.3902814, "_runtime": 22.789178371429443, "_step": 60, "num_epochs": 589, "test_loss": 0.0010972178975741068, "test_accuracy": 0.5631746053695679, "_wandb": {"runtime": 20}}