{"time": 20.10064435005188, "train_loss_per_epoch": 8.588896532143866e-05, "val_loss_per_epoch": 0.00046659275889396665, "train_loss_per_time": 8.588896532143866e-05, "val_loss_per_time": 0.00046659275889396665, "train_accuracy_per_epoch": 0.9820245504379272, "val_accuracy_per_epoch": 0.7713095545768738, "train_accuracy_per_time": 0.9820245504379272, "val_accuracy_per_time": 0.7713095545768738, "_timestamp": 1708190301.9915671, "_runtime": 22.415707111358643, "_step": 18, "num_epochs": 169, "test_loss": 0.0005229548613230388, "test_accuracy": 0.7529292106628418, "_wandb": {"runtime": 20}}