{"time": 20.016337156295776, "train_loss_per_epoch": 0.00042891528989587514, "val_loss_per_epoch": 0.007653290530045828, "train_loss_per_time": 0.00042891528989587514, "val_loss_per_time": 0.007653290530045828, "train_accuracy_per_epoch": 0.783333420753479, "val_accuracy_per_epoch": 0.14814814925193787, "train_accuracy_per_time": 0.783333420753479, "val_accuracy_per_time": 0.14814814925193787, "_timestamp": 1708205777.8434277, "_runtime": 21.72947072982788, "_step": 17, "num_epochs": 159, "test_loss": 0.007504352927207946, "test_accuracy": 0.02777777798473835, "_wandb": {"runtime": 20}}