{"time": 59.01083016395569, "train_loss_per_epoch": 1.9723733300582224e-09, "val_loss_per_epoch": 5.863830778333876e-06, "train_loss_vs_time": 1.9723733300582224e-09, "val_loss_vs_time": 5.863830778333876e-06, "_timestamp": 1706744143.121401, "_runtime": 62.11596918106079, "_step": 58, "test_loss": 0.0004287732144196828, "num_parameters": 315368, "_wandb": {"runtime": 60}}