{"time": 20.012285709381104, "train_loss_per_epoch": 8.760468635175909e-05, "val_loss_per_epoch": 0.00035969095925490063, "train_loss_per_time": 8.760468635175909e-05, "val_loss_per_time": 0.00035969095925490063, "train_accuracy_per_epoch": 0.9741436243057251, "val_accuracy_per_epoch": 0.8399999737739563, "train_accuracy_per_time": 0.9741436243057251, "val_accuracy_per_time": 0.8399999737739563, "_timestamp": 1708116860.740454, "_runtime": 22.286574840545654, "_step": 16, "num_epochs": 144, "test_loss": 0.0002835954229036967, "test_accuracy": 0.8475757241249084, "_wandb": {"runtime": 20}}