{"time": 20.111414909362793, "train_loss_per_epoch": 0.00047727685953889574, "val_loss_per_epoch": 0.0007919478416442871, "train_loss_per_time": 0.00047727685953889574, "val_loss_per_time": 0.0007919478416442871, "train_accuracy_per_epoch": 0.6681554913520813, "val_accuracy_per_epoch": 0.45618686079978943, "train_accuracy_per_time": 0.6681554913520813, "val_accuracy_per_time": 0.45618686079978943, "_timestamp": 1708145116.0886953, "_runtime": 22.67642831802368, "_step": 28, "num_epochs": 270, "test_loss": 0.0006545699139436086, "test_accuracy": 0.571017324924469, "_wandb": {"runtime": 20}}