{"time": 20.022584676742554, "train_loss_per_epoch": 0.0007056860519307, "val_loss_per_epoch": 0.0009841051697731017, "train_loss_per_time": 0.0007056860519307, "val_loss_per_time": 0.0009841051697731017, "train_accuracy_per_epoch": 0.20000000298023224, "val_accuracy_per_epoch": 0.20000000298023224, "train_accuracy_per_time": 0.20000000298023224, "val_accuracy_per_time": 0.20000000298023224, "_timestamp": 1708116783.1247714, "_runtime": 22.540704250335693, "_step": 68, "num_epochs": 665, "test_loss": 0.000969212253888448, "test_accuracy": 0.20000000298023224, "_wandb": {"runtime": 20}}