{"time": 20.093238353729248, "train_loss_per_epoch": 0.0004865285434893199, "val_loss_per_epoch": 0.0006474510331948598, "train_loss_per_time": 0.0004865285434893199, "val_loss_per_time": 0.0006474510331948598, "train_accuracy_per_epoch": 0.7382506132125854, "val_accuracy_per_epoch": 0.6910714507102966, "train_accuracy_per_time": 0.7382506132125854, "val_accuracy_per_time": 0.6910714507102966, "_timestamp": 1708111926.915159, "_runtime": 24.62024188041687, "_step": 7, "num_epochs": 55, "test_loss": 0.0006889476378758748, "test_accuracy": 0.67010098695755, "_wandb": {"runtime": 20}}