{"time": 20.02499508857727, "train_loss_per_epoch": 3.591840022376605e-05, "val_loss_per_epoch": 0.0005542044838269552, "train_loss_per_time": 3.591840022376605e-05, "val_loss_per_time": 0.0005542044838269552, "train_accuracy_per_epoch": 0.9857372045516968, "val_accuracy_per_epoch": 0.7048376202583313, "train_accuracy_per_time": 0.9857372045516968, "val_accuracy_per_time": 0.7048376202583313, "_timestamp": 1708143953.1458383, "_runtime": 23.20374035835266, "_step": 69, "num_epochs": 672, "test_loss": 0.000544890562693278, "test_accuracy": 0.7213419675827026, "_wandb": {"runtime": 20}}