{"time": 20.041829109191895, "train_loss_per_epoch": 1.972568953143699e-05, "val_loss_per_epoch": 0.0004146152486403783, "train_loss_per_time": 1.972568953143699e-05, "val_loss_per_time": 0.0004146152486403783, "train_accuracy_per_epoch": 1.0000001192092896, "val_accuracy_per_epoch": 0.8228932023048401, "train_accuracy_per_time": 1.0000001192092896, "val_accuracy_per_time": 0.8228932023048401, "_timestamp": 1708143416.9697278, "_runtime": 22.58820867538452, "_step": 32, "num_epochs": 301, "test_loss": 0.0004442032674948374, "test_accuracy": 0.8059090971946716, "_wandb": {"runtime": 20}}