{"time": 20.013737678527832, "train_loss_per_epoch": 9.195924316632694e-09, "val_loss_per_epoch": 0.0003315032521883647, "train_loss_per_time": 9.195924316632694e-09, "val_loss_per_time": 0.0003315032521883647, "train_accuracy_per_epoch": 1.0000001192092896, "val_accuracy_per_epoch": 0.7601587176322937, "train_accuracy_per_time": 1.0000001192092896, "val_accuracy_per_time": 0.7601587176322937, "_timestamp": 1708110533.604321, "_runtime": 22.676695108413696, "_step": 153, "num_epochs": 1514, "test_loss": 0.0003812390814224879, "test_accuracy": 0.8246355652809143, "_wandb": {"runtime": 20}}