{"time": 20.051304817199707, "train_loss_per_epoch": 1.1743088252842426e-05, "val_loss_per_epoch": 0.0002781440317630768, "train_loss_per_time": 1.1743088252842426e-05, "val_loss_per_time": 0.0002781440317630768, "train_accuracy_per_epoch": 0.9939103126525879, "val_accuracy_per_epoch": 0.8389589190483093, "train_accuracy_per_time": 0.9939103126525879, "val_accuracy_per_time": 0.8389589190483093, "_timestamp": 1708112976.3305068, "_runtime": 22.89297580718994, "_step": 24, "num_epochs": 227, "test_loss": 0.00019551349182923635, "test_accuracy": 0.8890368938446045, "_wandb": {"runtime": 20}}