{"time": 20.021607160568237, "train_loss_per_epoch": 0.00012919675691851548, "val_loss_per_epoch": 0.0010329654812812805, "train_loss_per_time": 0.00012919675691851548, "val_loss_per_time": 0.0010329654812812805, "train_accuracy_per_epoch": 0.9398286938667297, "val_accuracy_per_epoch": 0.5209307670593262, "train_accuracy_per_time": 0.9398286938667297, "val_accuracy_per_time": 0.5209307670593262, "_timestamp": 1708191535.837842, "_runtime": 23.328022003173828, "_step": 94, "num_epochs": 929, "test_loss": 0.000574950377146403, "test_accuracy": 0.6932792067527771, "_wandb": {"runtime": 20}}