{"time": 20.00613284111023, "train_loss_per_epoch": 0.0007818967742579324, "val_loss_per_epoch": 0.001058288812637329, "train_loss_per_time": 0.0007818967742579324, "val_loss_per_time": 0.001058288812637329, "train_accuracy_per_epoch": 0.20000000298023224, "val_accuracy_per_epoch": 0.20000000298023224, "train_accuracy_per_time": 0.20000000298023224, "val_accuracy_per_time": 0.20000000298023224, "_timestamp": 1708191353.2657533, "_runtime": 22.66722822189331, "_step": 133, "num_epochs": 1311, "test_loss": 0.0011209305127461752, "test_accuracy": 0.20000000298023224, "_wandb": {"runtime": 20}}