{"time": 20.014664888381958, "train_loss_per_epoch": 0.00022057586482592993, "val_loss_per_epoch": 0.00043407162030537923, "train_loss_per_time": 0.00022057586482592993, "val_loss_per_time": 0.00043407162030537923, "train_accuracy_per_epoch": 0.928352952003479, "val_accuracy_per_epoch": 0.7958152890205383, "train_accuracy_per_time": 0.928352952003479, "val_accuracy_per_time": 0.7958152890205383, "_timestamp": 1708191502.595341, "_runtime": 22.4200599193573, "_step": 14, "num_epochs": 126, "test_loss": 0.0004424745837847392, "test_accuracy": 0.8003426790237427, "_wandb": {"runtime": 20}}