{"time": 20.11209201812744, "train_loss_per_epoch": 7.716303425175803e-05, "val_loss_per_epoch": 0.00036979625622431437, "train_loss_per_time": 7.716303425175803e-05, "val_loss_per_time": 0.00036979625622431437, "train_accuracy_per_epoch": 0.9784722924232483, "val_accuracy_per_epoch": 0.7775793075561523, "train_accuracy_per_time": 0.9784722924232483, "val_accuracy_per_time": 0.7775793075561523, "_timestamp": 1708117453.952032, "_runtime": 22.021231174468994, "_step": 13, "num_epochs": 116, "test_loss": 0.0003487171729405721, "test_accuracy": 0.8744444847106934, "_wandb": {"runtime": 20}}