{"time": 20.024681329727173, "train_loss_per_epoch": 4.885080203946148e-05, "val_loss_per_epoch": 0.0003372227648893992, "train_loss_per_time": 4.885080203946148e-05, "val_loss_per_time": 0.0003372227648893992, "train_accuracy_per_epoch": 0.997222363948822, "val_accuracy_per_epoch": 0.7641391754150391, "train_accuracy_per_time": 0.997222363948822, "val_accuracy_per_time": 0.7641391754150391, "_timestamp": 1708188924.8407128, "_runtime": 22.845202684402466, "_step": 24, "num_epochs": 221, "test_loss": 0.0004905556142330169, "test_accuracy": 0.8403571844100952, "_wandb": {"runtime": 20}}