{"time": 20.004931449890137, "train_loss_per_epoch": 3.816953388958869e-06, "val_loss_per_epoch": 0.00048349648714065554, "train_loss_per_time": 3.816953388958869e-06, "val_loss_per_time": 0.00048349648714065554, "train_accuracy_per_epoch": 0.9972223043441772, "val_accuracy_per_epoch": 0.7457286715507507, "train_accuracy_per_time": 0.9972223043441772, "val_accuracy_per_time": 0.7457286715507507, "_timestamp": 1708188364.465549, "_runtime": 23.329057931900024, "_step": 155, "num_epochs": 1533, "test_loss": 0.00029561854898929596, "test_accuracy": 0.8911630511283875, "_wandb": {"runtime": 20}}