{"time": 599.7996912002563, "train_loss_per_epoch": 1.3087585834328884e-15, "val_loss_per_epoch": 5.93689481417338e-06, "train_loss_vs_time": 1.3087585834328884e-15, "val_loss_vs_time": 5.93689481417338e-06, "_timestamp": 1706915007.0234346, "_runtime": 602.4736115932465, "_step": 2179, "test_loss": 0.0004187272985776265, "num_parameters": 63000, "_wandb": {"runtime": 600}}