{"time": 20.07226276397705, "train_loss_per_epoch": 0.00016114586698157447, "val_loss_per_epoch": 0.00044780686497688295, "train_loss_per_time": 0.00016114586698157447, "val_loss_per_time": 0.00044780686497688295, "train_accuracy_per_epoch": 0.9607531428337097, "val_accuracy_per_epoch": 0.7815476655960083, "train_accuracy_per_time": 0.9607531428337097, "val_accuracy_per_time": 0.7815476655960083, "_timestamp": 1707848175.7462955, "_runtime": 22.64422345161438, "_step": 16, "num_epochs": 142, "test_loss": 0.0005028459429740906, "test_accuracy": 0.7286399006843567, "_wandb": {"runtime": 20}}