{"time": 20.026628732681274, "train_loss_per_epoch": 5.5256667546927926e-05, "val_loss_per_epoch": 0.0006190208594004313, "train_loss_per_time": 5.5256667546927926e-05, "val_loss_per_time": 0.0006190208594004313, "train_accuracy_per_epoch": 0.9873107075691223, "val_accuracy_per_epoch": 0.700815737247467, "train_accuracy_per_time": 0.9873107075691223, "val_accuracy_per_time": 0.700815737247467, "_timestamp": 1708116753.0880134, "_runtime": 22.7766273021698, "_step": 26, "num_epochs": 247, "test_loss": 0.0006427596012751262, "test_accuracy": 0.7263383269309998, "_wandb": {"runtime": 20}}