{"time": 20.160304307937622, "train_loss_per_epoch": 0.00020511932937162264, "val_loss_per_epoch": 0.0005273426075776418, "train_loss_per_time": 0.00020511932937162264, "val_loss_per_time": 0.0005273426075776418, "train_accuracy_per_epoch": 0.9670121669769287, "val_accuracy_per_epoch": 0.7294192314147949, "train_accuracy_per_time": 0.9670121669769287, "val_accuracy_per_time": 0.7294192314147949, "_timestamp": 1708144230.3115222, "_runtime": 22.96769118309021, "_step": 10, "num_epochs": 87, "test_loss": 0.000457813690106074, "test_accuracy": 0.7644733786582947, "_wandb": {"runtime": 20}}