{"time": 20.01702356338501, "train_loss_per_epoch": 6.907740807426827e-05, "val_loss_per_epoch": 0.0010910917321840922, "train_loss_per_time": 6.907740807426827e-05, "val_loss_per_time": 0.0010910917321840922, "train_accuracy_per_epoch": 0.9641556739807129, "val_accuracy_per_epoch": 0.49843069911003113, "train_accuracy_per_time": 0.9641556739807129, "val_accuracy_per_time": 0.49843069911003113, "_timestamp": 1707848389.9387066, "_runtime": 22.94242572784424, "_step": 63, "num_epochs": 619, "test_loss": 0.0011768197019894919, "test_accuracy": 0.43457430601119995, "_wandb": {"runtime": 20}}