{"time": 20.023982286453247, "train_loss_per_epoch": 1.141757404963885e-07, "val_loss_per_epoch": 0.0003192646553119024, "train_loss_per_time": 1.141757404963885e-07, "val_loss_per_time": 0.0003192646553119024, "train_accuracy_per_epoch": 1.0000001192092896, "val_accuracy_per_epoch": 0.7882900238037109, "train_accuracy_per_time": 1.0000001192092896, "val_accuracy_per_time": 0.7882900238037109, "_timestamp": 1708110474.146388, "_runtime": 22.778254985809326, "_step": 60, "num_epochs": 589, "test_loss": 0.0003941151251395543, "test_accuracy": 0.786504328250885, "_wandb": {"runtime": 20}}