{"time": 20.011529445648193, "train_loss_per_epoch": 0.0006992711020367486, "val_loss_per_epoch": 0.0011586566766103108, "train_loss_per_time": 0.0006992711020367486, "val_loss_per_time": 0.0011586566766103108, "train_accuracy_per_epoch": 0.20000000298023224, "val_accuracy_per_epoch": 0.20000000298023224, "train_accuracy_per_time": 0.20000000298023224, "val_accuracy_per_time": 0.20000000298023224, "_timestamp": 1708116720.556029, "_runtime": 22.720498085021973, "_step": 159, "num_epochs": 1573, "test_loss": 0.001139404873053233, "test_accuracy": 0.20000000298023224, "_wandb": {"runtime": 20}}