{"time": 20.05639147758484, "train_loss_per_epoch": 3.430990668545876e-05, "val_loss_per_epoch": 0.0003258544206619263, "train_loss_per_time": 3.430990668545876e-05, "val_loss_per_time": 0.0003258544206619263, "train_accuracy_per_epoch": 0.9843751192092896, "val_accuracy_per_epoch": 0.8559523820877075, "train_accuracy_per_time": 0.9843751192092896, "val_accuracy_per_time": 0.8559523820877075, "_timestamp": 1708117422.2290173, "_runtime": 21.648611307144165, "_step": 33, "num_epochs": 313, "test_loss": 0.00033830093840758003, "test_accuracy": 0.8419444561004639, "_wandb": {"runtime": 20}}