{"time": 20.017940521240234, "train_loss_per_epoch": 2.141886902141518e-06, "val_loss_per_epoch": 0.00042919740080833436, "train_loss_per_time": 2.141886902141518e-06, "val_loss_per_time": 0.00042919740080833436, "train_accuracy_per_epoch": 1.0000001192092896, "val_accuracy_per_epoch": 0.7553174495697021, "train_accuracy_per_time": 1.0000001192092896, "val_accuracy_per_time": 0.7553174495697021, "_timestamp": 1708191897.4769588, "_runtime": 22.779024839401245, "_step": 23, "num_epochs": 217, "test_loss": 0.0003924163430929184, "test_accuracy": 0.7282265424728394, "_wandb": {"runtime": 20}}