{"time": 20.024720430374146, "train_loss_per_epoch": 3.491360605819084e-06, "val_loss_per_epoch": 0.0005708704888820648, "train_loss_per_time": 3.491360605819084e-06, "val_loss_per_time": 0.0005708704888820648, "train_accuracy_per_epoch": 0.9972223043441772, "val_accuracy_per_epoch": 0.6639140844345093, "train_accuracy_per_time": 0.9972223043441772, "val_accuracy_per_time": 0.6639140844345093, "_timestamp": 1708144294.647323, "_runtime": 23.374119997024536, "_step": 45, "num_epochs": 432, "test_loss": 0.00040995347003142037, "test_accuracy": 0.7808622717857361, "_wandb": {"runtime": 20}}