{"time": 20.030406951904297, "train_loss_per_epoch": 0.0007206456788948604, "val_loss_per_epoch": 0.0010486619671185812, "train_loss_per_time": 0.0007206456788948604, "val_loss_per_time": 0.0010486619671185812, "train_accuracy_per_epoch": 0.20000000298023224, "val_accuracy_per_epoch": 0.20000000298023224, "train_accuracy_per_time": 0.20000000298023224, "val_accuracy_per_time": 0.20000000298023224, "_timestamp": 1708143819.0371923, "_runtime": 22.6547954082489, "_step": 68, "num_epochs": 662, "test_loss": 0.0010822732249895731, "test_accuracy": 0.20000000298023224, "_wandb": {"runtime": 20}}