{"time": 312.92147946357727, "train_loss_per_epoch": 0.0008988114999873298, "val_loss_per_epoch": 0.0009639829794565837, "train_loss_per_time": 0.0008988114999873298, "val_loss_per_time": 0.0009639829794565837, "train_accuracy_per_epoch": 0.11658085137605667, "val_accuracy_per_epoch": 0.11088293790817261, "train_accuracy_per_time": 0.11658085137605667, "val_accuracy_per_time": 0.11088293790817261, "_timestamp": 1711995261.3987882, "_runtime": 318.31262826919556, "_step": 3, "num_epochs": 12, "test_loss": 0.0009632924397786458, "test_accuracy": 0.09742830693721771, "_wandb": {"runtime": 314}}