{"time": 11.566065549850464, "train_loss_per_epoch": 0.00026387498847075874, "val_loss_per_epoch": 0.7704272866249084, "train_loss_per_time": 0.00026387498847075874, "val_loss_per_time": 0.7704272866249084, "train_accuracy_per_epoch": 0.885624885559082, "val_accuracy_per_epoch": 0.0005040388802687327, "train_accuracy_per_time": 0.885624885559082, "val_accuracy_per_time": 0.0005040388802687327, "_timestamp": 1707797757.477595, "_runtime": 14.439327001571655, "_step": 6, "num_epochs": 50, "test_loss": 0.8878174424171448, "test_accuracy": 0.00038713082671165466, "_wandb": {"runtime": 11}}