{"time": 20.003124952316284, "train_loss_per_epoch": 0.0007756899403674262, "val_loss_per_epoch": 0.0011863418420155843, "train_loss_per_time": 0.0007756899403674262, "val_loss_per_time": 0.0011863418420155843, "train_accuracy_per_epoch": 0.42185336351394653, "val_accuracy_per_epoch": 0.22426769137382507, "train_accuracy_per_time": 0.42185336351394653, "val_accuracy_per_time": 0.22426769137382507, "_timestamp": 1708111642.2737818, "_runtime": 23.274959802627563, "_step": 98, "num_epochs": 965, "test_loss": 0.0009331363439559937, "test_accuracy": 0.35603731870651245, "_wandb": {"runtime": 20}}