{"time": 20.001925230026245, "train_loss_per_epoch": 0.0001370539649256638, "val_loss_per_epoch": 0.0006638068457444509, "train_loss_per_time": 0.0001370539649256638, "val_loss_per_time": 0.0006638068457444509, "train_accuracy_per_epoch": 0.9273462295532227, "val_accuracy_per_epoch": 0.6684127449989319, "train_accuracy_per_time": 0.9273462295532227, "val_accuracy_per_time": 0.6684127449989319, "_timestamp": 1708113529.5645993, "_runtime": 22.858227252960205, "_step": 111, "num_epochs": 1094, "test_loss": 0.0007578953603903452, "test_accuracy": 0.5664682388305664, "_wandb": {"runtime": 20}}