{"time": 20.00881552696228, "train_loss_per_epoch": 3.688668127454418e-06, "val_loss_per_epoch": 0.0005068831145763397, "train_loss_per_time": 3.688668127454418e-06, "val_loss_per_time": 0.0005068831145763397, "train_accuracy_per_epoch": 0.9979168176651001, "val_accuracy_per_epoch": 0.7202236652374268, "train_accuracy_per_time": 0.9979168176651001, "val_accuracy_per_time": 0.7202236652374268, "_timestamp": 1708188303.9454901, "_runtime": 23.79966115951538, "_step": 63, "num_epochs": 611, "test_loss": 0.0003040269762277603, "test_accuracy": 0.8844627737998962, "_wandb": {"runtime": 20}}