{"time": 20.009364366531372, "train_loss_per_epoch": 7.56007778233782e-08, "val_loss_per_epoch": 0.0002408793568611145, "train_loss_per_time": 7.56007778233782e-08, "val_loss_per_time": 0.0002408793568611145, "train_accuracy_per_epoch": 1.0000001192092896, "val_accuracy_per_epoch": 0.871666669845581, "train_accuracy_per_time": 1.0000001192092896, "val_accuracy_per_time": 0.871666669845581, "_timestamp": 1708190647.1037514, "_runtime": 22.550368309020996, "_step": 71, "num_epochs": 698, "test_loss": 0.00032017307976881665, "test_accuracy": 0.854206383228302, "_wandb": {"runtime": 20}}