{"time": 20.0058171749115, "train_loss_per_epoch": 2.139787039985614e-05, "val_loss_per_epoch": 0.0004209911326567332, "train_loss_per_time": 2.139787039985614e-05, "val_loss_per_time": 0.0004209911326567332, "train_accuracy_per_epoch": 0.9869398474693298, "val_accuracy_per_epoch": 0.8182142376899719, "train_accuracy_per_time": 0.9869398474693298, "val_accuracy_per_time": 0.8182142376899719, "_timestamp": 1708143988.4728603, "_runtime": 24.234560251235962, "_step": 39, "num_epochs": 380, "test_loss": 0.00037264225383599597, "test_accuracy": 0.7851911783218384, "_wandb": {"runtime": 20}}