{"time": 20.015263080596924, "train_loss_per_epoch": 5.698130407836288e-06, "val_loss_per_epoch": 0.0002622014284133911, "train_loss_per_time": 5.698130407836288e-06, "val_loss_per_time": 0.0002622014284133911, "train_accuracy_per_epoch": 0.9964286088943481, "val_accuracy_per_epoch": 0.902222216129303, "train_accuracy_per_time": 0.9964286088943481, "val_accuracy_per_time": 0.902222216129303, "_timestamp": 1708116951.2969792, "_runtime": 21.56327509880066, "_step": 31, "num_epochs": 295, "test_loss": 0.0002403349926074346, "test_accuracy": 0.8809090256690979, "_wandb": {"runtime": 20}}