{"time": 20.008081674575806, "train_loss_per_epoch": 3.276778018224442e-06, "val_loss_per_epoch": 0.0004474662741025289, "train_loss_per_time": 3.276778018224442e-06, "val_loss_per_time": 0.0004474662741025289, "train_accuracy_per_epoch": 0.9964286088943481, "val_accuracy_per_epoch": 0.7641666531562805, "train_accuracy_per_time": 0.9964286088943481, "val_accuracy_per_time": 0.7641666531562805, "_timestamp": 1708116084.6924326, "_runtime": 22.65674352645874, "_step": 144, "num_epochs": 1423, "test_loss": 0.00026934410134951274, "test_accuracy": 0.8560642600059509, "_wandb": {"runtime": 20}}