{"time": 20.014131546020508, "train_loss_per_epoch": 2.721147349802777e-05, "val_loss_per_epoch": 0.0007454287509123484, "train_loss_per_time": 2.721147349802777e-05, "val_loss_per_time": 0.0007454287509123484, "train_accuracy_per_epoch": 0.9838117361068726, "val_accuracy_per_epoch": 0.6269444227218628, "train_accuracy_per_time": 0.9838117361068726, "val_accuracy_per_time": 0.6269444227218628, "_timestamp": 1708188056.6073763, "_runtime": 25.31737232208252, "_step": 51, "num_epochs": 500, "test_loss": 0.00039969054361184436, "test_accuracy": 0.8400000333786011, "_wandb": {"runtime": 20}}