{"time": 20.026537656784058, "train_loss_per_epoch": 1.4924031856935472e-05, "val_loss_per_epoch": 0.00047928725679715473, "train_loss_per_time": 1.4924031856935472e-05, "val_loss_per_time": 0.00047928725679715473, "train_accuracy_per_epoch": 0.9904365539550781, "val_accuracy_per_epoch": 0.7540404200553894, "train_accuracy_per_time": 0.9904365539550781, "val_accuracy_per_time": 0.7540404200553894, "_timestamp": 1708111706.7543848, "_runtime": 23.377028703689575, "_step": 25, "num_epochs": 234, "test_loss": 0.00021285250782966615, "test_accuracy": 0.9204487204551697, "_wandb": {"runtime": 20}}