{"time": 20.007808685302734, "train_loss_per_epoch": 1.283517963851669e-05, "val_loss_per_epoch": 0.0005236029128233592, "train_loss_per_time": 1.283517963851669e-05, "val_loss_per_time": 0.0005236029128233592, "train_accuracy_per_epoch": 0.9927991628646851, "val_accuracy_per_epoch": 0.7679487466812134, "train_accuracy_per_time": 0.9927991628646851, "val_accuracy_per_time": 0.7679487466812134, "_timestamp": 1708113992.15872, "_runtime": 23.19071102142334, "_step": 22, "num_epochs": 209, "test_loss": 0.0003406132012605667, "test_accuracy": 0.8657468557357788, "_wandb": {"runtime": 20}}