{"time": 320.97226572036743, "train_loss_per_epoch": 0.0010201684236526489, "val_loss_per_epoch": 0.0010966365933418273, "train_loss_per_time": 0.0010201684236526489, "val_loss_per_time": 0.0010966365933418273, "train_accuracy_per_epoch": 0.10101233422756195, "val_accuracy_per_epoch": 0.10138890147209167, "train_accuracy_per_time": 0.10101233422756195, "val_accuracy_per_time": 0.10138890147209167, "_timestamp": 1711993482.6644788, "_runtime": 323.9963927268982, "_step": 3, "num_epochs": 12, "test_loss": 0.0011003999710083008, "test_accuracy": 0.10115531086921692, "_wandb": {"runtime": 322}}