{"time": 20.026525497436523, "train_loss_per_epoch": 3.312510676291172e-05, "val_loss_per_epoch": 0.0008735618988672892, "train_loss_per_time": 3.312510676291172e-05, "val_loss_per_time": 0.0008735618988672892, "train_accuracy_per_epoch": 0.9781873226165771, "val_accuracy_per_epoch": 0.6113888621330261, "train_accuracy_per_time": 0.9781873226165771, "val_accuracy_per_time": 0.6113888621330261, "_timestamp": 1708189343.1283221, "_runtime": 23.041412115097046, "_step": 59, "num_epochs": 574, "test_loss": 0.0006558728714783986, "test_accuracy": 0.6504762172698975, "_wandb": {"runtime": 20}}