{"time": 20.017547845840454, "train_loss_per_epoch": 6.018438043871096e-05, "val_loss_per_epoch": 0.0003691800187031428, "train_loss_per_time": 6.018438043871096e-05, "val_loss_per_time": 0.0003691800187031428, "train_accuracy_per_epoch": 0.9883522987365723, "val_accuracy_per_epoch": 0.7939743399620056, "train_accuracy_per_time": 0.9883522987365723, "val_accuracy_per_time": 0.7939743399620056, "_timestamp": 1708188834.286491, "_runtime": 22.43752384185791, "_step": 17, "num_epochs": 152, "test_loss": 0.0004534102479616801, "test_accuracy": 0.8142063617706299, "_wandb": {"runtime": 20}}