{"time": 20.035096406936646, "train_loss_per_epoch": 0.00025691975440297806, "val_loss_per_epoch": 0.0005143992106119792, "train_loss_per_time": 0.00025691975440297806, "val_loss_per_time": 0.0005143992106119792, "train_accuracy_per_epoch": 0.9048367738723755, "val_accuracy_per_epoch": 0.7894012331962585, "train_accuracy_per_time": 0.9048367738723755, "val_accuracy_per_time": 0.7894012331962585, "_timestamp": 1708191186.2210736, "_runtime": 21.933218717575073, "_step": 21, "num_epochs": 192, "test_loss": 0.00041830639044443765, "test_accuracy": 0.8361904621124268, "_wandb": {"runtime": 20}}