{"time": 20.04393482208252, "train_loss_per_epoch": 0.0007514258793422154, "val_loss_per_epoch": 0.0010321775078773498, "train_loss_per_time": 0.0007514258793422154, "val_loss_per_time": 0.0010321775078773498, "train_accuracy_per_epoch": 0.20000000298023224, "val_accuracy_per_epoch": 0.18571428954601288, "train_accuracy_per_time": 0.20000000298023224, "val_accuracy_per_time": 0.18571428954601288, "_timestamp": 1708112162.5731604, "_runtime": 24.350974321365356, "_step": 47, "num_epochs": 455, "test_loss": 0.0011172353227933247, "test_accuracy": 0.20000000298023224, "_wandb": {"runtime": 20}}