{"time": 20.006113290786743, "train_loss_per_epoch": 0.0006118162402084895, "val_loss_per_epoch": 0.0010077030460039775, "train_loss_per_time": 0.0006118162402084895, "val_loss_per_time": 0.0010077030460039775, "train_accuracy_per_epoch": 0.5573510527610779, "val_accuracy_per_epoch": 0.3540692627429962, "train_accuracy_per_time": 0.5573510527610779, "val_accuracy_per_time": 0.3540692627429962, "_timestamp": 1708143638.27013, "_runtime": 22.789958953857422, "_step": 135, "num_epochs": 1333, "test_loss": 0.0010634754101435343, "test_accuracy": 0.2953030467033386, "_wandb": {"runtime": 20}}