{"time": 20.0025897026062, "train_loss_per_epoch": 0.0007392959296703338, "val_loss_per_epoch": 0.0012829620639483133, "train_loss_per_time": 0.0007392959296703338, "val_loss_per_time": 0.0012829620639483133, "train_accuracy_per_epoch": 0.20000000298023224, "val_accuracy_per_epoch": 0.20000000298023224, "train_accuracy_per_time": 0.20000000298023224, "val_accuracy_per_time": 0.20000000298023224, "_timestamp": 1708142720.6327126, "_runtime": 22.643149614334106, "_step": 172, "num_epochs": 1710, "test_loss": 0.001191990574200948, "test_accuracy": 0.19090908765792847, "_wandb": {"runtime": 20}}