{"time": 20.00554919242859, "train_loss_per_epoch": 0.0003026396302240235, "val_loss_per_epoch": 0.0009837600588798524, "train_loss_per_time": 0.0003026396302240235, "val_loss_per_time": 0.0009837600588798524, "train_accuracy_per_epoch": 0.8432098627090454, "val_accuracy_per_epoch": 0.4377777874469757, "train_accuracy_per_time": 0.8432098627090454, "val_accuracy_per_time": 0.4377777874469757, "_timestamp": 1708188272.2578366, "_runtime": 23.134161472320557, "_step": 141, "num_epochs": 1395, "test_loss": 0.0008951425552368164, "test_accuracy": 0.5242491364479065, "_wandb": {"runtime": 20}}