{"time": 20.02806043624878, "train_loss_per_epoch": 9.601079991885594e-05, "val_loss_per_epoch": 0.0005186629295349121, "train_loss_per_time": 9.601079991885594e-05, "val_loss_per_time": 0.0005186629295349121, "train_accuracy_per_epoch": 0.965187668800354, "val_accuracy_per_epoch": 0.7462193965911865, "train_accuracy_per_time": 0.965187668800354, "val_accuracy_per_time": 0.7462193965911865, "_timestamp": 1708145416.8517365, "_runtime": 22.184948444366455, "_step": 33, "num_epochs": 315, "test_loss": 0.0004957815011342367, "test_accuracy": 0.7200397253036499, "_wandb": {"runtime": 20}}