{"time": 120.49492859840393, "train_loss_per_epoch": 0.0007237878654684339, "val_loss_per_epoch": 0.0013899935285250347, "train_loss_per_time": 0.0007237878654684339, "val_loss_per_time": 0.0013899935285250347, "train_accuracy_per_epoch": 0.4012804329395294, "val_accuracy_per_epoch": 0.09929639846086502, "train_accuracy_per_time": 0.4012804329395294, "val_accuracy_per_time": 0.09929639846086502, "_timestamp": 1708206906.4092348, "_runtime": 122.68375968933105, "_step": 12, "num_epochs": 102, "test_loss": 0.0014323473970095316, "test_accuracy": 0.1219715029001236, "_wandb": {"runtime": 120}}