{"time": 20.02076768875122, "train_loss_per_epoch": 2.68194022854524e-05, "val_loss_per_epoch": 0.0004833900928497314, "train_loss_per_time": 2.68194022854524e-05, "val_loss_per_time": 0.0004833900928497314, "train_accuracy_per_epoch": 0.9925824403762817, "val_accuracy_per_epoch": 0.7786630392074585, "train_accuracy_per_time": 0.9925824403762817, "val_accuracy_per_time": 0.7786630392074585, "_timestamp": 1708142655.8493385, "_runtime": 22.628162622451782, "_step": 27, "num_epochs": 258, "test_loss": 0.0005464644233385722, "test_accuracy": 0.6866955161094666, "_wandb": {"runtime": 20}}