{"time": 20.053993701934814, "train_loss_per_epoch": 6.83283100702933e-05, "val_loss_per_epoch": 0.0004900684456030528, "train_loss_per_time": 6.83283100702933e-05, "val_loss_per_time": 0.0004900684456030528, "train_accuracy_per_epoch": 0.9654144048690796, "val_accuracy_per_epoch": 0.7801587581634521, "train_accuracy_per_time": 0.9654144048690796, "val_accuracy_per_time": 0.7801587581634521, "_timestamp": 1708110670.1470225, "_runtime": 21.923336505889893, "_step": 34, "num_epochs": 329, "test_loss": 0.0005074794590473175, "test_accuracy": 0.6957539916038513, "_wandb": {"runtime": 20}}