{"time": 20.000677347183228, "train_loss_per_epoch": 3.6686773897339923e-06, "val_loss_per_epoch": 0.00036997643609841665, "train_loss_per_time": 3.6686773897339923e-06, "val_loss_per_time": 0.00036997643609841665, "train_accuracy_per_epoch": 0.9958333969116211, "val_accuracy_per_epoch": 0.8321428894996643, "train_accuracy_per_time": 0.9958333969116211, "val_accuracy_per_time": 0.8321428894996643, "_timestamp": 1707848236.6626396, "_runtime": 23.044147729873657, "_step": 61, "num_epochs": 591, "test_loss": 0.00043434778849283853, "test_accuracy": 0.8065367937088013, "_wandb": {"runtime": 20}}