{"time": 20.01680588722229, "train_loss_per_epoch": 7.849247402061467e-06, "val_loss_per_epoch": 0.0003175954520702362, "train_loss_per_time": 7.849247402061467e-06, "val_loss_per_time": 0.0003175954520702362, "train_accuracy_per_epoch": 0.9914287328720093, "val_accuracy_per_epoch": 0.8162820339202881, "train_accuracy_per_time": 0.9914287328720093, "val_accuracy_per_time": 0.8162820339202881, "_timestamp": 1708145904.4996781, "_runtime": 24.44272804260254, "_step": 90, "num_epochs": 884, "test_loss": 0.0004496083160241445, "test_accuracy": 0.778253972530365, "_wandb": {"runtime": 20}}