{"time": 20.005366802215576, "train_loss_per_epoch": 1.8977093526960483e-05, "val_loss_per_epoch": 0.0005113590757052104, "train_loss_per_time": 1.8977093526960483e-05, "val_loss_per_time": 0.0005113590757052104, "train_accuracy_per_epoch": 0.9918750524520874, "val_accuracy_per_epoch": 0.7181002497673035, "train_accuracy_per_time": 0.9918750524520874, "val_accuracy_per_time": 0.7181002497673035, "_timestamp": 1708145798.4306784, "_runtime": 23.523080348968506, "_step": 47, "num_epochs": 457, "test_loss": 0.000513455867767334, "test_accuracy": 0.8049206137657166, "_wandb": {"runtime": 20}}