{"time": 20.01108193397522, "train_loss_per_epoch": 6.5791073211585174e-09, "val_loss_per_epoch": 0.0005441236495971679, "train_loss_per_time": 6.5791073211585174e-09, "val_loss_per_time": 0.0005441236495971679, "train_accuracy_per_epoch": 1.0000001192092896, "val_accuracy_per_epoch": 0.7800397276878357, "train_accuracy_per_time": 1.0000001192092896, "val_accuracy_per_time": 0.7800397276878357, "_timestamp": 1708188669.119276, "_runtime": 23.168745040893555, "_step": 167, "num_epochs": 1653, "test_loss": 0.0004034388562043508, "test_accuracy": 0.8273376822471619, "_wandb": {"runtime": 20}}