{"time": 20.071123600006104, "train_loss_per_epoch": 1.1111475593809571e-05, "val_loss_per_epoch": 0.00058297465244929, "train_loss_per_time": 1.1111475593809571e-05, "val_loss_per_time": 0.00058297465244929, "train_accuracy_per_epoch": 0.9950001239776611, "val_accuracy_per_epoch": 0.7714682817459106, "train_accuracy_per_time": 0.9950001239776611, "val_accuracy_per_time": 0.7714682817459106, "_timestamp": 1708101542.9822192, "_runtime": 24.00096321105957, "_step": 22, "num_epochs": 208, "test_loss": 0.0005551532407601674, "test_accuracy": 0.6897979974746704, "_wandb": {"runtime": 20}}