{"time": 20.068286657333374, "train_loss_per_epoch": 7.10044230800122e-06, "val_loss_per_epoch": 0.0005132078627745311, "train_loss_per_time": 7.10044230800122e-06, "val_loss_per_time": 0.0005132078627745311, "train_accuracy_per_epoch": 1.0000001192092896, "val_accuracy_per_epoch": 0.7438889145851135, "train_accuracy_per_time": 1.0000001192092896, "val_accuracy_per_time": 0.7438889145851135, "_timestamp": 1708189311.8258324, "_runtime": 23.0542094707489, "_step": 21, "num_epochs": 191, "test_loss": 0.00026874790589014687, "test_accuracy": 0.8828571438789368, "_wandb": {"runtime": 20}}