{"time": 59.819860219955444, "train_loss_per_epoch": 1.760322998478614e-10, "val_loss_per_epoch": 4.811855819490221e-06, "train_loss_vs_time": 1.760322998478614e-10, "val_loss_vs_time": 4.811855819490221e-06, "_timestamp": 1706738244.2497547, "_runtime": 62.434574604034424, "_step": 168, "test_loss": 0.0003352883458137512, "num_parameters": 94400, "_wandb": {"runtime": 60}}