{"time": 20.065903663635254, "train_loss_per_epoch": 1.4447680275355066e-06, "val_loss_per_epoch": 0.00039427516361077627, "train_loss_per_time": 1.4447680275355066e-06, "val_loss_per_time": 0.00039427516361077627, "train_accuracy_per_epoch": 1.0000001192092896, "val_accuracy_per_epoch": 0.7730447053909302, "train_accuracy_per_time": 1.0000001192092896, "val_accuracy_per_time": 0.7730447053909302, "_timestamp": 1708189802.933706, "_runtime": 22.895633935928345, "_step": 29, "num_epochs": 279, "test_loss": 0.00039058874050776164, "test_accuracy": 0.7955556511878967, "_wandb": {"runtime": 20}}