{"time": 20.043789863586426, "train_loss_per_epoch": 8.076934875654323e-05, "val_loss_per_epoch": 0.00104276309410731, "train_loss_per_time": 8.076934875654323e-05, "val_loss_per_time": 0.00104276309410731, "train_accuracy_per_epoch": 0.9536294937133789, "val_accuracy_per_epoch": 0.5343181490898132, "train_accuracy_per_time": 0.9536294937133789, "val_accuracy_per_time": 0.5343181490898132, "_timestamp": 1708144149.5966823, "_runtime": 23.40000319480896, "_step": 42, "num_epochs": 405, "test_loss": 0.0007949192821979522, "test_accuracy": 0.5880014896392822, "_wandb": {"runtime": 20}}