{"time": 20.015772104263306, "train_loss_per_epoch": 3.142223992784108e-05, "val_loss_per_epoch": 0.0005046328902244567, "train_loss_per_time": 3.142223992784108e-05, "val_loss_per_time": 0.0005046328902244567, "train_accuracy_per_epoch": 0.9765973091125488, "val_accuracy_per_epoch": 0.7412662506103516, "train_accuracy_per_time": 0.9765973091125488, "val_accuracy_per_time": 0.7412662506103516, "_timestamp": 1708112277.841607, "_runtime": 23.466734170913696, "_step": 102, "num_epochs": 1010, "test_loss": 0.0008826562762260437, "test_accuracy": 0.6420707702636719, "_wandb": {"runtime": 20}}