{"time": 20.003044843673706, "train_loss_per_epoch": 2.7966196191430624e-05, "val_loss_per_epoch": 0.0005818739036719004, "train_loss_per_time": 2.7966196191430624e-05, "val_loss_per_time": 0.0005818739036719004, "train_accuracy_per_epoch": 0.9814647436141968, "val_accuracy_per_epoch": 0.7257142066955566, "train_accuracy_per_time": 0.9814647436141968, "val_accuracy_per_time": 0.7257142066955566, "_timestamp": 1708111960.5315223, "_runtime": 23.372562170028687, "_step": 105, "num_epochs": 1031, "test_loss": 0.0005148659149805705, "test_accuracy": 0.724545419216156, "_wandb": {"runtime": 20}}