{"time": 20.02462649345398, "train_loss_per_epoch": 0.00011372787212686879, "val_loss_per_epoch": 0.0005020454029242197, "train_loss_per_time": 0.00011372787212686879, "val_loss_per_time": 0.0005020454029242197, "train_accuracy_per_epoch": 0.9447016716003418, "val_accuracy_per_epoch": 0.7164141535758972, "train_accuracy_per_time": 0.9447016716003418, "val_accuracy_per_time": 0.7164141535758972, "_timestamp": 1708144198.0463247, "_runtime": 22.457440614700317, "_step": 25, "num_epochs": 231, "test_loss": 0.0005541796485582988, "test_accuracy": 0.6958622336387634, "_wandb": {"runtime": 20}}