{"time": 312.1040198802948, "train_loss_per_epoch": 0.0009036535450390407, "val_loss_per_epoch": 0.0009637028674284617, "train_loss_per_time": 0.0009036535450390407, "val_loss_per_time": 0.0009637028674284617, "train_accuracy_per_epoch": 0.1052238941192627, "val_accuracy_per_epoch": 0.12209073454141617, "train_accuracy_per_time": 0.1052238941192627, "val_accuracy_per_time": 0.12209073454141617, "_timestamp": 1711989795.9301097, "_runtime": 317.1345498561859, "_step": 2, "num_epochs": 10, "test_loss": 0.0009826813836892447, "test_accuracy": 0.09823954105377197, "_wandb": {"runtime": 313}}