{"time": 20.011009693145752, "train_loss_per_epoch": 4.987930222081819e-05, "val_loss_per_epoch": 0.0015707471966743469, "train_loss_per_time": 4.987930222081819e-05, "val_loss_per_time": 0.0015707471966743469, "train_accuracy_per_epoch": 0.9760119915008545, "val_accuracy_per_epoch": 0.347738116979599, "train_accuracy_per_time": 0.9760119915008545, "val_accuracy_per_time": 0.347738116979599, "_timestamp": 1708190453.8416069, "_runtime": 22.664785861968994, "_step": 169, "num_epochs": 1672, "test_loss": 0.0011921561757723491, "test_accuracy": 0.5281205177307129, "_wandb": {"runtime": 20}}