{"time": 20.028504848480225, "train_loss_per_epoch": 6.992621495425867e-06, "val_loss_per_epoch": 0.0002883791426817576, "train_loss_per_time": 6.992621495425867e-06, "val_loss_per_time": 0.0002883791426817576, "train_accuracy_per_epoch": 0.9949495792388916, "val_accuracy_per_epoch": 0.853365421295166, "train_accuracy_per_time": 0.9949495792388916, "val_accuracy_per_time": 0.853365421295166, "_timestamp": 1708190963.7585745, "_runtime": 22.98552656173706, "_step": 54, "num_epochs": 521, "test_loss": 0.00026362972954909006, "test_accuracy": 0.8357143402099609, "_wandb": {"runtime": 20}}