{"time": 20.004197597503662, "train_loss_per_epoch": 5.7033679747421825e-06, "val_loss_per_epoch": 0.00037137786547342935, "train_loss_per_time": 5.7033679747421825e-06, "val_loss_per_time": 0.00037137786547342935, "train_accuracy_per_epoch": 0.9979168176651001, "val_accuracy_per_epoch": 0.8337662816047668, "train_accuracy_per_time": 0.9979168176651001, "val_accuracy_per_time": 0.8337662816047668, "_timestamp": 1707848267.3168786, "_runtime": 22.99644160270691, "_step": 27, "num_epochs": 258, "test_loss": 0.000450858473777771, "test_accuracy": 0.7754256725311279, "_wandb": {"runtime": 20}}