{"time": 20.03360152244568, "train_loss_per_epoch": 0.00019601747925792422, "val_loss_per_epoch": 0.0004188680152098338, "train_loss_per_time": 0.00019601747925792422, "val_loss_per_time": 0.0004188680152098338, "train_accuracy_per_epoch": 0.8976043462753296, "val_accuracy_per_epoch": 0.8004184365272522, "train_accuracy_per_time": 0.8976043462753296, "val_accuracy_per_time": 0.8004184365272522, "_timestamp": 1708114689.7748272, "_runtime": 22.654585123062134, "_step": 22, "num_epochs": 204, "test_loss": 0.0006012304623921712, "test_accuracy": 0.6778571605682373, "_wandb": {"runtime": 20}}