{"num_epochs": 0, "time": 725.5477821826935, "_timestamp": 1711989468.4034216, "_runtime": 784.42187666893, "_step": 1, "test_loss": 0.0009606309632460276, "test_accuracy": 0.09216556698083878, "_wandb": {"runtime": 781}}