{"time": 20.03217053413391, "train_loss_per_epoch": 3.4591316684132574e-06, "val_loss_per_epoch": 0.00036796920001506804, "train_loss_per_time": 3.4591316684132574e-06, "val_loss_per_time": 0.00036796920001506804, "train_accuracy_per_epoch": 0.9975000619888306, "val_accuracy_per_epoch": 0.8251155018806458, "train_accuracy_per_time": 0.9975000619888306, "val_accuracy_per_time": 0.8251155018806458, "_timestamp": 1708191252.0912817, "_runtime": 28.518038749694824, "_step": 62, "num_epochs": 605, "test_loss": 0.00028814926743507384, "test_accuracy": 0.8928174376487732, "_wandb": {"runtime": 20}}