{"time": 20.070890426635742, "train_loss_per_epoch": 9.954570227169565e-06, "val_loss_per_epoch": 0.0005365978181362152, "train_loss_per_time": 9.954570227169565e-06, "val_loss_per_time": 0.0005365978181362152, "train_accuracy_per_epoch": 0.9977273344993591, "val_accuracy_per_epoch": 0.7909848093986511, "train_accuracy_per_time": 0.9977273344993591, "val_accuracy_per_time": 0.7909848093986511, "_timestamp": 1708192495.3522346, "_runtime": 22.550312519073486, "_step": 26, "num_epochs": 243, "test_loss": 0.0003531971573829651, "test_accuracy": 0.867878794670105, "_wandb": {"runtime": 20}}