{"time": 20.051196336746216, "train_loss_per_epoch": 3.4075676729636536e-05, "val_loss_per_epoch": 0.00046201551953951517, "train_loss_per_time": 3.4075676729636536e-05, "val_loss_per_time": 0.00046201551953951517, "train_accuracy_per_epoch": 0.9793751239776611, "val_accuracy_per_epoch": 0.7521032094955444, "train_accuracy_per_time": 0.9793751239776611, "val_accuracy_per_time": 0.7521032094955444, "_timestamp": 1708192204.5829518, "_runtime": 23.441473722457886, "_step": 23, "num_epochs": 220, "test_loss": 0.0002135986089706421, "test_accuracy": 0.8655555248260498, "_wandb": {"runtime": 20}}