{"time": 20.072742700576782, "train_loss_per_epoch": 1.6121393959370576e-06, "val_loss_per_epoch": 0.00041640480359395347, "train_loss_per_time": 1.6121393959370576e-06, "val_loss_per_time": 0.00041640480359395347, "train_accuracy_per_epoch": 1.0000001192092896, "val_accuracy_per_epoch": 0.786623477935791, "train_accuracy_per_time": 1.0000001192092896, "val_accuracy_per_time": 0.786623477935791, "_timestamp": 1708192588.414371, "_runtime": 22.870602130889893, "_step": 23, "num_epochs": 212, "test_loss": 0.00024534458915392556, "test_accuracy": 0.9007143378257751, "_wandb": {"runtime": 20}}