{"time": 20.002635955810547, "train_loss_per_epoch": 4.3610733201993366e-05, "val_loss_per_epoch": 0.0006766680379708608, "train_loss_per_time": 4.3610733201993366e-05, "val_loss_per_time": 0.0006766680379708608, "train_accuracy_per_epoch": 0.9749237298965454, "val_accuracy_per_epoch": 0.6446428894996643, "train_accuracy_per_time": 0.9749237298965454, "val_accuracy_per_time": 0.6446428894996643, "_timestamp": 1708190333.5857384, "_runtime": 22.52943253517151, "_step": 122, "num_epochs": 1208, "test_loss": 0.000757992664972941, "test_accuracy": 0.6375721096992493, "_wandb": {"runtime": 20}}