{"time": 20.00435709953308, "train_loss_per_epoch": 0.00014958552484001432, "val_loss_per_epoch": 0.0009492222468058269, "train_loss_per_time": 0.00014958552484001432, "val_loss_per_time": 0.0009492222468058269, "train_accuracy_per_epoch": 0.9082608819007874, "val_accuracy_per_epoch": 0.5494963526725769, "train_accuracy_per_time": 0.9082608819007874, "val_accuracy_per_time": 0.5494963526725769, "_timestamp": 1708188864.1023881, "_runtime": 22.605870246887207, "_step": 107, "num_epochs": 1051, "test_loss": 0.0007557554046312968, "test_accuracy": 0.661746084690094, "_wandb": {"runtime": 20}}