{"time": 2.5259997844696045, "train_loss_per_epoch": 0.0004919366964272091, "val_loss_per_epoch": 0.4223290681838989, "train_loss_per_time": 0.0004919366964272091, "val_loss_per_time": 0.4223290681838989, "train_accuracy_per_epoch": 0.6397347450256348, "val_accuracy_per_epoch": 0.0008623928825060526, "train_accuracy_per_time": 0.6397347450256348, "val_accuracy_per_time": 0.0008623928825060526, "_timestamp": 1707797823.3462431, "_runtime": 5.76135516166687, "_step": 6, "num_epochs": 50, "test_loss": 0.5437698364257812, "test_accuracy": 0.0006456975638866424, "_wandb": {"runtime": 2}}