{"time": 57.45256686210632, "train_loss_per_epoch": 1.4732621691239599e-07, "val_loss_per_epoch": 5.47507537735833e-06, "train_loss_vs_time": 1.4732621691239599e-07, "val_loss_vs_time": 5.47507537735833e-06, "_timestamp": 1706759294.6901712, "_runtime": 62.59991216659546, "_step": 23, "test_loss": 0.00027913423875967664, "num_parameters": 57848, "_wandb": {"runtime": 60}}