{"time": 20.01086187362671, "train_loss_per_epoch": 0.00012291657472295422, "val_loss_per_epoch": 0.0012378146251042683, "train_loss_per_time": 0.00012291657472295422, "val_loss_per_time": 0.0012378146251042683, "train_accuracy_per_epoch": 0.9173575639724731, "val_accuracy_per_epoch": 0.4130411148071289, "train_accuracy_per_time": 0.9173575639724731, "val_accuracy_per_time": 0.4130411148071289, "_timestamp": 1708112466.3425925, "_runtime": 23.41209053993225, "_step": 57, "num_epochs": 553, "test_loss": 0.0012875503301620482, "test_accuracy": 0.4179798364639282, "_wandb": {"runtime": 20}}