{"time": 20.01317596435547, "train_loss_per_epoch": 1.0621019620365197e-07, "val_loss_per_epoch": 0.00032626045246919, "train_loss_per_time": 1.0621019620365197e-07, "val_loss_per_time": 0.00032626045246919, "train_accuracy_per_epoch": 1.0000001192092896, "val_accuracy_per_epoch": 0.7840800285339355, "train_accuracy_per_time": 1.0000001192092896, "val_accuracy_per_time": 0.7840800285339355, "_timestamp": 1708189769.729725, "_runtime": 22.816210985183716, "_step": 64, "num_epochs": 629, "test_loss": 0.00035231634974479674, "test_accuracy": 0.8324999213218689, "_wandb": {"runtime": 20}}