{"time": 20.148524522781372, "train_loss_per_epoch": 0.0001227953577680247, "val_loss_per_epoch": 0.0008445871869723002, "train_loss_per_time": 0.0001227953577680247, "val_loss_per_time": 0.0008445871869723002, "train_accuracy_per_epoch": 0.9370590448379517, "val_accuracy_per_epoch": 0.5925253033638, "train_accuracy_per_time": 0.9370590448379517, "val_accuracy_per_time": 0.5925253033638, "_timestamp": 1708111803.7935824, "_runtime": 23.011643409729004, "_step": 24, "num_epochs": 221, "test_loss": 0.0008343891302744548, "test_accuracy": 0.5441142320632935, "_wandb": {"runtime": 20}}