{"time": 298.31538915634155, "train_loss_per_epoch": 3.8146422598726662e-06, "val_loss_per_epoch": 3.375731243027581e-06, "train_loss_vs_time": 3.8146422598726662e-06, "val_loss_vs_time": 3.375731243027581e-06, "_timestamp": 1706799583.4810894, "_runtime": 302.65007042884827, "_step": 59, "test_loss": 0.0001989239454269409, "num_parameters": 124710, "_wandb": {"runtime": 300}}