{"time": 20.030742406845093, "train_loss_per_epoch": 1.5107079109709178e-06, "val_loss_per_epoch": 0.00028204525510470074, "train_loss_per_time": 1.5107079109709178e-06, "val_loss_per_time": 0.00028204525510470074, "train_accuracy_per_epoch": 1.0000001192092896, "val_accuracy_per_epoch": 0.850448727607727, "train_accuracy_per_time": 1.0000001192092896, "val_accuracy_per_time": 0.850448727607727, "_timestamp": 1708145834.118262, "_runtime": 25.912594079971313, "_step": 41, "num_epochs": 395, "test_loss": 0.0005295615891615549, "test_accuracy": 0.7438095211982727, "_wandb": {"runtime": 20}}