{"time": 20.00400972366333, "train_loss_per_epoch": 1.8255539637591157e-05, "val_loss_per_epoch": 0.0004968774318695068, "train_loss_per_time": 1.8255539637591157e-05, "val_loss_per_time": 0.0004968774318695068, "train_accuracy_per_epoch": 1.0000001192092896, "val_accuracy_per_epoch": 0.7491125464439392, "train_accuracy_per_time": 1.0000001192092896, "val_accuracy_per_time": 0.7491125464439392, "_timestamp": 1708111207.1839662, "_runtime": 22.720723152160645, "_step": 23, "num_epochs": 215, "test_loss": 0.0004292566080888112, "test_accuracy": 0.7716667056083679, "_wandb": {"runtime": 20}}