{"time": 300.0952694416046, "train_loss_per_epoch": 0.0017781951044287, "val_loss_per_epoch": 0.0018945220907529195, "train_loss_per_time": 0.0017781951044287, "val_loss_per_time": 0.0018945220907529195, "train_accuracy_per_epoch": 0.09999996423721313, "val_accuracy_per_epoch": 0.10000000894069672, "train_accuracy_per_time": 0.09999996423721313, "val_accuracy_per_time": 0.10000000894069672, "_timestamp": 1711990380.5448675, "_runtime": 304.0602834224701, "_step": 3, "num_epochs": 11, "test_loss": 0.001902202030022939, "test_accuracy": 0.10000000894069672, "_wandb": {"runtime": 301}}