{"time": 20.42605686187744, "train_loss_per_epoch": 0.00032490529119968416, "val_loss_per_epoch": 0.008626056710879008, "train_loss_per_time": 0.00032490529119968416, "val_loss_per_time": 0.008626056710879008, "train_accuracy_per_epoch": 0.8042424917221069, "val_accuracy_per_epoch": 0.125, "train_accuracy_per_time": 0.8042424917221069, "val_accuracy_per_time": 0.125, "_timestamp": 1708205425.4713573, "_runtime": 22.802157402038574, "_step": 7, "num_epochs": 59, "test_loss": 0.00861164927482605, "test_accuracy": 0.02777777798473835, "_wandb": {"runtime": 20}}