{"time": 20.01740264892578, "train_loss_per_epoch": 4.3725063359098776e-05, "val_loss_per_epoch": 0.0012997562686602275, "train_loss_per_time": 4.3725063359098776e-05, "val_loss_per_time": 0.0012997562686602275, "train_accuracy_per_epoch": 0.9730953574180603, "val_accuracy_per_epoch": 0.4172077775001526, "train_accuracy_per_time": 0.9730953574180603, "val_accuracy_per_time": 0.4172077775001526, "_timestamp": 1708115491.3726082, "_runtime": 22.59712815284729, "_step": 158, "num_epochs": 1561, "test_loss": 0.0010784186919530233, "test_accuracy": 0.5291666388511658, "_wandb": {"runtime": 20}}