{"time": 20.032071590423584, "train_loss_per_epoch": 7.338802554711168e-06, "val_loss_per_epoch": 0.0004786105453968048, "train_loss_per_time": 7.338802554711168e-06, "val_loss_per_time": 0.0004786105453968048, "train_accuracy_per_epoch": 0.9937501549720764, "val_accuracy_per_epoch": 0.7332967519760132, "train_accuracy_per_time": 0.9937501549720764, "val_accuracy_per_time": 0.7332967519760132, "_timestamp": 1708144642.3574343, "_runtime": 22.792455196380615, "_step": 24, "num_epochs": 223, "test_loss": 0.000367467999458313, "test_accuracy": 0.8262662887573242, "_wandb": {"runtime": 20}}