{"time": 20.026957750320435, "train_loss_per_epoch": 0.00028010721185377663, "val_loss_per_epoch": 0.0005287683010101318, "train_loss_per_time": 0.00028010721185377663, "val_loss_per_time": 0.0005287683010101318, "train_accuracy_per_epoch": 0.8735817074775696, "val_accuracy_per_epoch": 0.7749530673027039, "train_accuracy_per_time": 0.8735817074775696, "val_accuracy_per_time": 0.7749530673027039, "_timestamp": 1708143328.4614747, "_runtime": 22.54740858078003, "_step": 24, "num_epochs": 224, "test_loss": 0.0005650260547796885, "test_accuracy": 0.7101514935493469, "_wandb": {"runtime": 20}}