{"time": 20.018484592437744, "train_loss_per_epoch": 3.203451814312887e-05, "val_loss_per_epoch": 0.0005555654068787893, "train_loss_per_time": 3.203451814312887e-05, "val_loss_per_time": 0.0005555654068787893, "train_accuracy_per_epoch": 0.9787203073501587, "val_accuracy_per_epoch": 0.718788206577301, "train_accuracy_per_time": 0.9787203073501587, "val_accuracy_per_time": 0.718788206577301, "_timestamp": 1708189446.5496325, "_runtime": 22.61739158630371, "_step": 81, "num_epochs": 794, "test_loss": 0.0005999894440174103, "test_accuracy": 0.6307265162467957, "_wandb": {"runtime": 20}}