{"time": 20.020917177200317, "train_loss_per_epoch": 5.282732525042125e-05, "val_loss_per_epoch": 0.000362254853049914, "train_loss_per_time": 5.282732525042125e-05, "val_loss_per_time": 0.000362254853049914, "train_accuracy_per_epoch": 0.9791667461395264, "val_accuracy_per_epoch": 0.8152381181716919, "train_accuracy_per_time": 0.9791667461395264, "val_accuracy_per_time": 0.8152381181716919, "_timestamp": 1708187976.2365067, "_runtime": 24.519911766052246, "_step": 11, "num_epochs": 94, "test_loss": 0.00029426388442516327, "test_accuracy": 0.8477777242660522, "_wandb": {"runtime": 20}}