{"time": 20.052770853042603, "train_loss_per_epoch": 1.1532335962069087e-06, "val_loss_per_epoch": 0.00030300910274187726, "train_loss_per_time": 1.1532335962069087e-06, "val_loss_per_time": 0.00030300910274187726, "train_accuracy_per_epoch": 1.0000001192092896, "val_accuracy_per_epoch": 0.8554945588111877, "train_accuracy_per_time": 1.0000001192092896, "val_accuracy_per_time": 0.8554945588111877, "_timestamp": 1708191084.8597515, "_runtime": 22.618656396865845, "_step": 26, "num_epochs": 244, "test_loss": 0.0004170544942220052, "test_accuracy": 0.7501983642578125, "_wandb": {"runtime": 20}}