{"time": 20.025354862213135, "train_loss_per_epoch": 0.0005480650280203139, "val_loss_per_epoch": 0.007185249527295431, "train_loss_per_time": 0.0005480650280203139, "val_loss_per_time": 0.007185249527295431, "train_accuracy_per_epoch": 0.7950000762939453, "val_accuracy_per_epoch": 0.15000000596046448, "train_accuracy_per_time": 0.7950000762939453, "val_accuracy_per_time": 0.15000000596046448, "_timestamp": 1708205654.352781, "_runtime": 21.969506978988647, "_step": 18, "num_epochs": 168, "test_loss": 0.009797366460164388, "test_accuracy": 0.02500000037252903, "_wandb": {"runtime": 20}}