{"time": 20.063992261886597, "train_loss_per_epoch": 0.00043552566851888383, "val_loss_per_epoch": 0.0006832792858282725, "train_loss_per_time": 0.00043552566851888383, "val_loss_per_time": 0.0006832792858282725, "train_accuracy_per_epoch": 0.7749030590057373, "val_accuracy_per_epoch": 0.6417243480682373, "train_accuracy_per_time": 0.7749030590057373, "val_accuracy_per_time": 0.6417243480682373, "_timestamp": 1708188241.9806857, "_runtime": 23.59507465362549, "_step": 15, "num_epochs": 136, "test_loss": 0.0007139689723650615, "test_accuracy": 0.6560012698173523, "_wandb": {"runtime": 20}}