{"time": 20.002166271209717, "train_loss_per_epoch": 3.281653628489169e-06, "val_loss_per_epoch": 0.0003902579347292582, "train_loss_per_time": 3.281653628489169e-06, "val_loss_per_time": 0.0003902579347292582, "train_accuracy_per_epoch": 0.9968750476837158, "val_accuracy_per_epoch": 0.8496032357215881, "train_accuracy_per_time": 0.9968750476837158, "val_accuracy_per_time": 0.8496032357215881, "_timestamp": 1708110831.0793085, "_runtime": 23.0320405960083, "_step": 140, "num_epochs": 1382, "test_loss": 0.00030247107148170474, "test_accuracy": 0.7913095355033875, "_wandb": {"runtime": 20}}