{"time": 20.033447265625, "train_loss_per_epoch": 3.812274197116494e-05, "val_loss_per_epoch": 0.0004869434237480164, "train_loss_per_time": 3.812274197116494e-05, "val_loss_per_time": 0.0004869434237480164, "train_accuracy_per_epoch": 0.9826164245605469, "val_accuracy_per_epoch": 0.7640568017959595, "train_accuracy_per_time": 0.9826164245605469, "val_accuracy_per_time": 0.7640568017959595, "_timestamp": 1708144511.062825, "_runtime": 22.00621795654297, "_step": 27, "num_epochs": 252, "test_loss": 0.0003465405354897181, "test_accuracy": 0.8405519723892212, "_wandb": {"runtime": 20}}