{"time": 329.4760835170746, "train_loss_per_epoch": 0.0008869591695921761, "val_loss_per_epoch": 0.0009719973305861155, "train_loss_per_time": 0.0008869591695921761, "val_loss_per_time": 0.0009719973305861155, "train_accuracy_per_epoch": 0.17577408254146576, "val_accuracy_per_epoch": 0.09492545574903488, "train_accuracy_per_time": 0.17577408254146576, "val_accuracy_per_time": 0.09492545574903488, "_timestamp": 1711994614.6455505, "_runtime": 333.41731452941895, "_step": 3, "num_epochs": 12, "test_loss": 0.0009761362771193187, "test_accuracy": 0.10050583630800247, "_wandb": {"runtime": 330}}