{"time": 20.014602661132812, "train_loss_per_epoch": 1.659655201884951e-05, "val_loss_per_epoch": 0.0003784908354282379, "train_loss_per_time": 1.659655201884951e-05, "val_loss_per_time": 0.0003784908354282379, "train_accuracy_per_epoch": 0.9861905574798584, "val_accuracy_per_epoch": 0.8180555701255798, "train_accuracy_per_time": 0.9861905574798584, "val_accuracy_per_time": 0.8180555701255798, "_timestamp": 1708117485.4387634, "_runtime": 22.239357471466064, "_step": 89, "num_epochs": 875, "test_loss": 0.00041019700467586517, "test_accuracy": 0.8141667246818542, "_wandb": {"runtime": 20}}