{"time": 20.024564266204834, "train_loss_per_epoch": 2.3454446511875304e-05, "val_loss_per_epoch": 0.0006566498676935831, "train_loss_per_time": 2.3454446511875304e-05, "val_loss_per_time": 0.0006566498676935831, "train_accuracy_per_epoch": 0.9894345998764038, "val_accuracy_per_epoch": 0.7196428775787354, "train_accuracy_per_time": 0.9894345998764038, "val_accuracy_per_time": 0.7196428775787354, "_timestamp": 1708189016.334635, "_runtime": 22.657582998275757, "_step": 24, "num_epochs": 229, "test_loss": 0.0006580156087875366, "test_accuracy": 0.6807937026023865, "_wandb": {"runtime": 20}}