{"time": 20.050981521606445, "train_loss_per_epoch": 2.41402124187776e-05, "val_loss_per_epoch": 0.0005393982927004497, "train_loss_per_time": 2.41402124187776e-05, "val_loss_per_time": 0.0005393982927004497, "train_accuracy_per_epoch": 0.9935606718063354, "val_accuracy_per_epoch": 0.6877778172492981, "train_accuracy_per_time": 0.9935606718063354, "val_accuracy_per_time": 0.6877778172492981, "_timestamp": 1708189220.3360226, "_runtime": 22.659076690673828, "_step": 31, "num_epochs": 291, "test_loss": 0.0005691435933113098, "test_accuracy": 0.6657143235206604, "_wandb": {"runtime": 20}}