{"time": 20.014121055603027, "train_loss_per_epoch": 1.0794449488977469e-05, "val_loss_per_epoch": 0.0003426731377840042, "train_loss_per_time": 1.0794449488977469e-05, "val_loss_per_time": 0.0003426731377840042, "train_accuracy_per_epoch": 0.9939286708831787, "val_accuracy_per_epoch": 0.8555555939674377, "train_accuracy_per_time": 0.9939286708831787, "val_accuracy_per_time": 0.8555555939674377, "_timestamp": 1708110769.170621, "_runtime": 22.735421895980835, "_step": 56, "num_epochs": 541, "test_loss": 0.0002683554838101069, "test_accuracy": 0.7879762053489685, "_wandb": {"runtime": 20}}