{"time": 20.037856817245483, "train_loss_per_epoch": 6.026949201311384e-05, "val_loss_per_epoch": 0.0006563898424307505, "train_loss_per_time": 6.026949201311384e-05, "val_loss_per_time": 0.0006563898424307505, "train_accuracy_per_epoch": 0.963363766670227, "val_accuracy_per_epoch": 0.70414137840271, "train_accuracy_per_time": 0.963363766670227, "val_accuracy_per_time": 0.70414137840271, "_timestamp": 1708114322.3584023, "_runtime": 23.392837285995483, "_step": 52, "num_epochs": 508, "test_loss": 0.0009053467710812887, "test_accuracy": 0.5861363410949707, "_wandb": {"runtime": 20}}