{"time": 20.011901378631592, "train_loss_per_epoch": 1.5260362383092538e-05, "val_loss_per_epoch": 0.0005354603628317515, "train_loss_per_time": 1.5260362383092538e-05, "val_loss_per_time": 0.0005354603628317515, "train_accuracy_per_epoch": 0.9893245697021484, "val_accuracy_per_epoch": 0.7657809257507324, "train_accuracy_per_time": 0.9893245697021484, "val_accuracy_per_time": 0.7657809257507324, "_timestamp": 1708114555.4177337, "_runtime": 22.94261860847473, "_step": 123, "num_epochs": 1215, "test_loss": 0.0005215195814768474, "test_accuracy": 0.7208333611488342, "_wandb": {"runtime": 20}}