{"time": 20.003127813339233, "train_loss_per_epoch": 2.0373205480674576e-05, "val_loss_per_epoch": 0.0004723389446735382, "train_loss_per_time": 2.0373205480674576e-05, "val_loss_per_time": 0.0004723389446735382, "train_accuracy_per_epoch": 0.9805471897125244, "val_accuracy_per_epoch": 0.8147741556167603, "train_accuracy_per_time": 0.9805471897125244, "val_accuracy_per_time": 0.8147741556167603, "_timestamp": 1708142686.803509, "_runtime": 22.5292010307312, "_step": 152, "num_epochs": 1505, "test_loss": 0.0005814331769943237, "test_accuracy": 0.6966197490692139, "_wandb": {"runtime": 20}}