{"time": 20.03946089744568, "train_loss_per_epoch": 0.00013215723048363412, "val_loss_per_epoch": 0.00046691517035166424, "train_loss_per_time": 0.00013215723048363412, "val_loss_per_time": 0.00046691517035166424, "train_accuracy_per_epoch": 0.972270667552948, "val_accuracy_per_epoch": 0.677670955657959, "train_accuracy_per_time": 0.972270667552948, "val_accuracy_per_time": 0.677670955657959, "_timestamp": 1708113798.2865338, "_runtime": 23.141464948654175, "_step": 14, "num_epochs": 121, "test_loss": 0.00034411410490671793, "test_accuracy": 0.8816558718681335, "_wandb": {"runtime": 20}}