{"time": 20.001923322677612, "train_loss_per_epoch": 6.615123473758493e-09, "val_loss_per_epoch": 0.00027641276518503824, "train_loss_per_time": 6.615123473758493e-09, "val_loss_per_time": 0.00027641276518503824, "train_accuracy_per_epoch": 1.0000001192092896, "val_accuracy_per_epoch": 0.89534991979599, "train_accuracy_per_time": 1.0000001192092896, "val_accuracy_per_time": 0.89534991979599, "_timestamp": 1708113306.061543, "_runtime": 22.849348068237305, "_step": 153, "num_epochs": 1512, "test_loss": 0.0003812852750221888, "test_accuracy": 0.7962698340415955, "_wandb": {"runtime": 20}}