{"time": 20.02992868423462, "train_loss_per_epoch": 5.109060023512159e-05, "val_loss_per_epoch": 0.000600254734357198, "train_loss_per_time": 5.109060023512159e-05, "val_loss_per_time": 0.000600254734357198, "train_accuracy_per_epoch": 0.9684084057807922, "val_accuracy_per_epoch": 0.7193183898925781, "train_accuracy_per_time": 0.9684084057807922, "val_accuracy_per_time": 0.7193183898925781, "_timestamp": 1708112911.2549145, "_runtime": 23.32744550704956, "_step": 51, "num_epochs": 494, "test_loss": 0.000421924889087677, "test_accuracy": 0.7886255383491516, "_wandb": {"runtime": 20}}