{"time": 20.001909732818604, "train_loss_per_epoch": 4.529849426554782e-05, "val_loss_per_epoch": 0.0009407897790273031, "train_loss_per_time": 4.529849426554782e-05, "val_loss_per_time": 0.0009407897790273031, "train_accuracy_per_epoch": 0.9888890385627747, "val_accuracy_per_epoch": 0.576572835445404, "train_accuracy_per_time": 0.9888890385627747, "val_accuracy_per_time": 0.576572835445404, "_timestamp": 1708189902.7205498, "_runtime": 24.119943857192993, "_step": 31, "num_epochs": 296, "test_loss": 0.0009348644812901815, "test_accuracy": 0.5767063498497009, "_wandb": {"runtime": 20}}