{"time": 20.01598811149597, "train_loss_per_epoch": 0.0007971524127892085, "val_loss_per_epoch": 0.0011134517192840576, "train_loss_per_time": 0.0007971524127892085, "val_loss_per_time": 0.0011134517192840576, "train_accuracy_per_epoch": 0.20000000298023224, "val_accuracy_per_epoch": 0.20000000298023224, "train_accuracy_per_time": 0.20000000298023224, "val_accuracy_per_time": 0.20000000298023224, "_timestamp": 1708189933.8531466, "_runtime": 23.94430446624756, "_step": 74, "num_epochs": 729, "test_loss": 0.001095930536588033, "test_accuracy": 0.17777778208255768, "_wandb": {"runtime": 20}}