{"time": 20.005824089050293, "train_loss_per_epoch": 4.1323208050536255e-05, "val_loss_per_epoch": 0.000660729706287384, "train_loss_per_time": 4.1323208050536255e-05, "val_loss_per_time": 0.000660729706287384, "train_accuracy_per_epoch": 0.9775596261024475, "val_accuracy_per_epoch": 0.6697980165481567, "train_accuracy_per_time": 0.9775596261024475, "val_accuracy_per_time": 0.6697980165481567, "_timestamp": 1708145485.3138855, "_runtime": 22.902571439743042, "_step": 89, "num_epochs": 873, "test_loss": 0.0007300368944803873, "test_accuracy": 0.6346428990364075, "_wandb": {"runtime": 20}}