{"time": 20.02841353416443, "train_loss_per_epoch": 1.5378902389784344e-07, "val_loss_per_epoch": 0.00038641390701135, "train_loss_per_time": 1.5378902389784344e-07, "val_loss_per_time": 0.00038641390701135, "train_accuracy_per_epoch": 1.0000001192092896, "val_accuracy_per_epoch": 0.8088023066520691, "train_accuracy_per_time": 1.0000001192092896, "val_accuracy_per_time": 0.8088023066520691, "_timestamp": 1708145213.362791, "_runtime": 23.222397089004517, "_step": 55, "num_epochs": 537, "test_loss": 0.00036388983329137167, "test_accuracy": 0.8267713189125061, "_wandb": {"runtime": 20}}