{"time": 20.00508403778076, "train_loss_per_epoch": 2.6860210057618262e-05, "val_loss_per_epoch": 0.0006701216101646423, "train_loss_per_time": 2.6860210057618262e-05, "val_loss_per_time": 0.0006701216101646423, "train_accuracy_per_epoch": 0.9784340858459473, "val_accuracy_per_epoch": 0.7126832008361816, "train_accuracy_per_time": 0.9784340858459473, "val_accuracy_per_time": 0.7126832008361816, "_timestamp": 1708191055.0168674, "_runtime": 22.981828451156616, "_step": 132, "num_epochs": 1303, "test_loss": 0.0007430288195610046, "test_accuracy": 0.6049603223800659, "_wandb": {"runtime": 20}}