{"time": 20.002533674240112, "train_loss_per_epoch": 1.623651152320755e-08, "val_loss_per_epoch": 0.00037960432469844816, "train_loss_per_time": 1.623651152320755e-08, "val_loss_per_time": 0.00037960432469844816, "train_accuracy_per_epoch": 1.0000001192092896, "val_accuracy_per_epoch": 0.8736728429794312, "train_accuracy_per_time": 1.0000001192092896, "val_accuracy_per_time": 0.8736728429794312, "_timestamp": 1708116689.162495, "_runtime": 23.675198793411255, "_step": 116, "num_epochs": 1143, "test_loss": 0.00034123664100964865, "test_accuracy": 0.8137626051902771, "_wandb": {"runtime": 20}}