{"time": 59.75232934951782, "train_loss_per_epoch": 5.7144743376953095e-06, "val_loss_per_epoch": 6.953605016072591e-06, "train_loss_vs_time": 5.7144743376953095e-06, "val_loss_vs_time": 6.953605016072591e-06, "_timestamp": 1706817148.7345755, "_runtime": 62.719481468200684, "_step": 115, "test_loss": 0.0005474310616652171, "num_parameters": 63000, "_wandb": {"runtime": 60}}