{"time": 20.011146068572998, "train_loss_per_epoch": 3.4315747741077626e-05, "val_loss_per_epoch": 0.0006200322012106578, "train_loss_per_time": 3.4315747741077626e-05, "val_loss_per_time": 0.0006200322012106578, "train_accuracy_per_epoch": 0.9783767461776733, "val_accuracy_per_epoch": 0.6691666841506958, "train_accuracy_per_time": 0.9783767461776733, "val_accuracy_per_time": 0.6691666841506958, "_timestamp": 1708116116.991285, "_runtime": 22.67161512374878, "_step": 149, "num_epochs": 1475, "test_loss": 0.0005300735930601756, "test_accuracy": 0.7460642457008362, "_wandb": {"runtime": 20}}