{"time": 20.00125741958618, "train_loss_per_epoch": 8.349460599544858e-05, "val_loss_per_epoch": 0.0011140136917432149, "train_loss_per_time": 8.349460599544858e-05, "val_loss_per_time": 0.0011140136917432149, "train_accuracy_per_epoch": 0.9495235681533813, "val_accuracy_per_epoch": 0.4677777588367462, "train_accuracy_per_time": 0.9495235681533813, "val_accuracy_per_time": 0.4677777588367462, "_timestamp": 1708117011.0201375, "_runtime": 22.506388664245605, "_step": 185, "num_epochs": 1837, "test_loss": 0.0012829256057739257, "test_accuracy": 0.5006565451622009, "_wandb": {"runtime": 20}}