{"time": 20.00553798675537, "train_loss_per_epoch": 9.685219889174083e-07, "val_loss_per_epoch": 0.00037430192033449807, "train_loss_per_time": 9.685219889174083e-07, "val_loss_per_time": 0.00037430192033449807, "train_accuracy_per_epoch": 1.0000001192092896, "val_accuracy_per_epoch": 0.8198376297950745, "train_accuracy_per_time": 1.0000001192092896, "val_accuracy_per_time": 0.8198376297950745, "_timestamp": 1708115430.5283062, "_runtime": 21.551618337631226, "_step": 29, "num_epochs": 277, "test_loss": 0.00032757962743441263, "test_accuracy": 0.8361507654190063, "_wandb": {"runtime": 20}}