{"time": 20.006047010421753, "train_loss_per_epoch": 0.00013389150479010172, "val_loss_per_epoch": 0.000725375364224116, "train_loss_per_time": 0.00013389150479010172, "val_loss_per_time": 0.000725375364224116, "train_accuracy_per_epoch": 0.9082610607147217, "val_accuracy_per_epoch": 0.570488452911377, "train_accuracy_per_time": 0.9082610607147217, "val_accuracy_per_time": 0.570488452911377, "_timestamp": 1708115679.0717561, "_runtime": 22.873569011688232, "_step": 86, "num_epochs": 846, "test_loss": 0.0007454041639963786, "test_accuracy": 0.5979762077331543, "_wandb": {"runtime": 20}}