{"time": 20.001052379608154, "train_loss_per_epoch": 0.00023116205419812885, "val_loss_per_epoch": 0.00045195152362187706, "train_loss_per_time": 0.00023116205419812885, "val_loss_per_time": 0.00045195152362187706, "train_accuracy_per_epoch": 0.8881849050521851, "val_accuracy_per_epoch": 0.7200000286102295, "train_accuracy_per_time": 0.8881849050521851, "val_accuracy_per_time": 0.7200000286102295, "_timestamp": 1708115955.3640351, "_runtime": 21.931101083755493, "_step": 10, "num_epochs": 90, "test_loss": 0.0004548480113347371, "test_accuracy": 0.7807791829109192, "_wandb": {"runtime": 20}}