{"time": 20.01552987098694, "train_loss_per_epoch": 4.218368599790015e-06, "val_loss_per_epoch": 0.0002697699268658956, "train_loss_per_time": 4.218368599790015e-06, "val_loss_per_time": 0.0002697699268658956, "train_accuracy_per_epoch": 0.9972223043441772, "val_accuracy_per_epoch": 0.8505554795265198, "train_accuracy_per_time": 0.9972223043441772, "val_accuracy_per_time": 0.8505554795265198, "_timestamp": 1708190782.5438762, "_runtime": 22.77253007888794, "_step": 25, "num_epochs": 234, "test_loss": 0.0004161511858304342, "test_accuracy": 0.8107539415359497, "_wandb": {"runtime": 20}}