{"time": 20.01179838180542, "train_loss_per_epoch": 8.037752657271214e-06, "val_loss_per_epoch": 0.00042755226294199624, "train_loss_per_time": 8.037752657271214e-06, "val_loss_per_time": 0.00042755226294199624, "train_accuracy_per_epoch": 0.9918750524520874, "val_accuracy_per_epoch": 0.7684981822967529, "train_accuracy_per_time": 0.9918750524520874, "val_accuracy_per_time": 0.7684981822967529, "_timestamp": 1708189537.3095229, "_runtime": 22.934239864349365, "_step": 153, "num_epochs": 1511, "test_loss": 0.00030932212869326276, "test_accuracy": 0.7989743947982788, "_wandb": {"runtime": 20}}