{"time": 20.014049291610718, "train_loss_per_epoch": 5.9695434091346605e-05, "val_loss_per_epoch": 0.0003383675217628479, "train_loss_per_time": 5.9695434091346605e-05, "val_loss_per_time": 0.0003383675217628479, "train_accuracy_per_epoch": 0.9792046546936035, "val_accuracy_per_epoch": 0.8478174805641174, "train_accuracy_per_time": 0.9792046546936035, "val_accuracy_per_time": 0.8478174805641174, "_timestamp": 1708191799.1929483, "_runtime": 22.57744336128235, "_step": 16, "num_epochs": 149, "test_loss": 0.0003966619074344635, "test_accuracy": 0.798226535320282, "_wandb": {"runtime": 20}}