{"num_epochs": 0, "time": 657.387933254242, "_timestamp": 1711991140.0138824, "_runtime": 698.2954332828522, "_step": 1, "test_loss": 0.0009613615870475769, "test_accuracy": 0.09189498424530029, "_wandb": {"runtime": 696}}