{"time": 20.024054765701294, "train_loss_per_epoch": 1.5568663522052313e-07, "val_loss_per_epoch": 0.0005622955163319906, "train_loss_per_time": 1.5568663522052313e-07, "val_loss_per_time": 0.0005622955163319906, "train_accuracy_per_epoch": 1.0000001192092896, "val_accuracy_per_epoch": 0.7269192337989807, "train_accuracy_per_time": 1.0000001192092896, "val_accuracy_per_time": 0.7269192337989807, "_timestamp": 1708116321.5633457, "_runtime": 22.71036171913147, "_step": 57, "num_epochs": 554, "test_loss": 0.00035511990388234455, "test_accuracy": 0.7973809242248535, "_wandb": {"runtime": 20}}