{"time": 20.00347065925598, "train_loss_per_epoch": 0.0007491182855197361, "val_loss_per_epoch": 0.0012293850382169087, "train_loss_per_time": 0.0007491182855197361, "val_loss_per_time": 0.0012293850382169087, "train_accuracy_per_epoch": 0.20000000298023224, "val_accuracy_per_epoch": 0.18888889253139496, "train_accuracy_per_time": 0.20000000298023224, "val_accuracy_per_time": 0.18888889253139496, "_timestamp": 1708143478.395919, "_runtime": 22.530165195465088, "_step": 188, "num_epochs": 1866, "test_loss": 0.0012561777234077454, "test_accuracy": 0.20000000298023224, "_wandb": {"runtime": 20}}