{"time": 20.037623643875122, "train_loss_per_epoch": 2.178284672221967e-05, "val_loss_per_epoch": 0.0004293009142080943, "train_loss_per_time": 2.178284672221967e-05, "val_loss_per_time": 0.0004293009142080943, "train_accuracy_per_epoch": 1.0000001192092896, "val_accuracy_per_epoch": 0.8023309707641602, "train_accuracy_per_time": 1.0000001192092896, "val_accuracy_per_time": 0.8023309707641602, "_timestamp": 1708114492.8870163, "_runtime": 23.345229387283325, "_step": 24, "num_epochs": 222, "test_loss": 0.00039411755899588266, "test_accuracy": 0.8305555582046509, "_wandb": {"runtime": 20}}