{"time": 20.04697060585022, "train_loss_per_epoch": 5.49762709332364e-06, "val_loss_per_epoch": 0.0004524672031402588, "train_loss_per_time": 5.49762709332364e-06, "val_loss_per_time": 0.0004524672031402588, "train_accuracy_per_epoch": 1.0000001192092896, "val_accuracy_per_epoch": 0.7722680568695068, "train_accuracy_per_time": 1.0000001192092896, "val_accuracy_per_time": 0.7722680568695068, "_timestamp": 1708189506.70856, "_runtime": 23.09029507637024, "_step": 25, "num_epochs": 231, "test_loss": 0.0004263856013615926, "test_accuracy": 0.788974404335022, "_wandb": {"runtime": 20}}