{"time": 20.004520654678345, "train_loss_per_epoch": 4.080527561849781e-05, "val_loss_per_epoch": 0.0008816223343213399, "train_loss_per_time": 4.080527561849781e-05, "val_loss_per_time": 0.0008816223343213399, "train_accuracy_per_epoch": 0.972935676574707, "val_accuracy_per_epoch": 0.5870268940925598, "train_accuracy_per_time": 0.972935676574707, "val_accuracy_per_time": 0.5870268940925598, "_timestamp": 1708115814.9328637, "_runtime": 22.96673560142517, "_step": 141, "num_epochs": 1393, "test_loss": 0.0010722566644350688, "test_accuracy": 0.5191270112991333, "_wandb": {"runtime": 20}}