{"time": 20.01239800453186, "train_loss_per_epoch": 1.3536222697569299e-05, "val_loss_per_epoch": 0.0002790815631548564, "train_loss_per_time": 1.3536222697569299e-05, "val_loss_per_time": 0.0002790815631548564, "train_accuracy_per_epoch": 0.9836995601654053, "val_accuracy_per_epoch": 0.8440598845481873, "train_accuracy_per_time": 0.9836995601654053, "val_accuracy_per_time": 0.8440598845481873, "_timestamp": 1708115780.6651223, "_runtime": 22.695401191711426, "_step": 98, "num_epochs": 969, "test_loss": 0.00020017096151908237, "test_accuracy": 0.8974206447601318, "_wandb": {"runtime": 20}}