{"time": 20.034302234649658, "train_loss_per_epoch": 5.8714862513755046e-05, "val_loss_per_epoch": 0.0006518532832463582, "train_loss_per_time": 5.8714862513755046e-05, "val_loss_per_time": 0.0006518532832463582, "train_accuracy_per_epoch": 0.9476975798606873, "val_accuracy_per_epoch": 0.6918376088142395, "train_accuracy_per_time": 0.9476975798606873, "val_accuracy_per_time": 0.6918376088142395, "_timestamp": 1708115236.7468498, "_runtime": 24.100820779800415, "_step": 25, "num_epochs": 231, "test_loss": 0.0009678789973258972, "test_accuracy": 0.5466071367263794, "_wandb": {"runtime": 20}}