{"time": 20.012800455093384, "train_loss_per_epoch": 0.00010902228632143565, "val_loss_per_epoch": 0.0016032268603642782, "train_loss_per_time": 0.00010902228632143565, "val_loss_per_time": 0.0016032268603642782, "train_accuracy_per_epoch": 0.9301029443740845, "val_accuracy_per_epoch": 0.3348412811756134, "train_accuracy_per_time": 0.9301029443740845, "val_accuracy_per_time": 0.3348412811756134, "_timestamp": 1708191963.424198, "_runtime": 22.80183482170105, "_step": 133, "num_epochs": 1311, "test_loss": 0.0012637627124786376, "test_accuracy": 0.43504276871681213, "_wandb": {"runtime": 20}}