{"time": 20.077924013137817, "train_loss_per_epoch": 4.911981523036957e-06, "val_loss_per_epoch": 0.0003049766023953756, "train_loss_per_time": 4.911981523036957e-06, "val_loss_per_time": 0.0003049766023953756, "train_accuracy_per_epoch": 1.0000001192092896, "val_accuracy_per_epoch": 0.8352380990982056, "train_accuracy_per_time": 1.0000001192092896, "val_accuracy_per_time": 0.8352380990982056, "_timestamp": 1708188091.9983075, "_runtime": 24.454442501068115, "_step": 13, "num_epochs": 112, "test_loss": 0.00023394050697485606, "test_accuracy": 0.8811111450195312, "_wandb": {"runtime": 20}}