{"time": 20.087687730789185, "train_loss_per_epoch": 1.3612008894727165e-06, "val_loss_per_epoch": 0.0002735568831364314, "train_loss_per_time": 1.3612008894727165e-06, "val_loss_per_time": 0.0002735568831364314, "train_accuracy_per_epoch": 1.0000001192092896, "val_accuracy_per_epoch": 0.8530341982841492, "train_accuracy_per_time": 1.0000001192092896, "val_accuracy_per_time": 0.8530341982841492, "_timestamp": 1708115744.1664407, "_runtime": 22.874476671218872, "_step": 25, "num_epochs": 234, "test_loss": 0.00020444133629401526, "test_accuracy": 0.8921031951904297, "_wandb": {"runtime": 20}}