{"time": 59.88622188568115, "train_loss_per_epoch": 2.885507299765777e-10, "val_loss_per_epoch": 6.901368829939101e-06, "train_loss_vs_time": 2.885507299765777e-10, "val_loss_vs_time": 6.901368829939101e-06, "_timestamp": 1706884868.8140142, "_runtime": 63.62156009674072, "_step": 128, "test_loss": 0.0005338338514169057, "num_parameters": 63000, "_wandb": {"runtime": 60}}