{"time": 301.01211404800415, "train_loss_per_epoch": 0.0006166171655058861, "val_loss_per_epoch": 0.0014708306392033894, "train_loss_per_time": 0.0006166171655058861, "val_loss_per_time": 0.0014708306392033894, "train_accuracy_per_epoch": 0.5216222405433655, "val_accuracy_per_epoch": 0.1045512855052948, "train_accuracy_per_time": 0.5216222405433655, "val_accuracy_per_time": 0.1045512855052948, "_timestamp": 1708207816.0882506, "_runtime": 303.46535658836365, "_step": 11, "num_epochs": 100, "test_loss": 0.0015738217035929363, "test_accuracy": 0.07840660214424133, "_wandb": {"runtime": 301}}