{"time": 20.010804176330566, "train_loss_per_epoch": 4.349925169273255e-09, "val_loss_per_epoch": 0.000339081734418869, "train_loss_per_time": 4.349925169273255e-09, "val_loss_per_time": 0.000339081734418869, "train_accuracy_per_epoch": 1.0000001192092896, "val_accuracy_per_epoch": 0.8720598816871643, "train_accuracy_per_time": 1.0000001192092896, "val_accuracy_per_time": 0.8720598816871643, "_timestamp": 1708143446.7637155, "_runtime": 22.619690418243408, "_step": 175, "num_epochs": 1735, "test_loss": 0.00025625469783941904, "test_accuracy": 0.8995238542556763, "_wandb": {"runtime": 20}}