{"time": 20.197839975357056, "train_loss_per_epoch": 9.411120787262917e-05, "val_loss_per_epoch": 0.000355409582455953, "train_loss_per_time": 9.411120787262917e-05, "val_loss_per_time": 0.000355409582455953, "train_accuracy_per_epoch": 0.9770112633705139, "val_accuracy_per_epoch": 0.8744444847106934, "train_accuracy_per_time": 0.9770112633705139, "val_accuracy_per_time": 0.8744444847106934, "_timestamp": 1708112546.6922467, "_runtime": 23.414206743240356, "_step": 12, "num_epochs": 107, "test_loss": 0.0003816665957371394, "test_accuracy": 0.802142858505249, "_wandb": {"runtime": 20}}