{"time": 20.015422105789185, "train_loss_per_epoch": 8.626645963106837e-05, "val_loss_per_epoch": 0.001072178582350413, "train_loss_per_time": 8.626645963106837e-05, "val_loss_per_time": 0.001072178582350413, "train_accuracy_per_epoch": 0.9676958322525024, "val_accuracy_per_epoch": 0.521356463432312, "train_accuracy_per_time": 0.9676958322525024, "val_accuracy_per_time": 0.521356463432312, "_timestamp": 1708143508.0615745, "_runtime": 22.519429445266724, "_step": 31, "num_epochs": 299, "test_loss": 0.0012263628840446473, "test_accuracy": 0.45311689376831055, "_wandb": {"runtime": 20}}