{"time": 20.070544481277466, "train_loss_per_epoch": 1.3385045125947466e-05, "val_loss_per_epoch": 0.000269827072819074, "train_loss_per_time": 1.3385045125947466e-05, "val_loss_per_time": 0.000269827072819074, "train_accuracy_per_epoch": 0.9875000715255737, "val_accuracy_per_epoch": 0.867651104927063, "train_accuracy_per_time": 0.9875000715255737, "val_accuracy_per_time": 0.867651104927063, "_timestamp": 1708190994.4119055, "_runtime": 23.090900421142578, "_step": 24, "num_epochs": 226, "test_loss": 0.00040139779448509214, "test_accuracy": 0.7904761433601379, "_wandb": {"runtime": 20}}