{"time": 20.100719928741455, "train_loss_per_epoch": 4.191362531855702e-06, "val_loss_per_epoch": 0.0003102659434080124, "train_loss_per_time": 4.191362531855702e-06, "val_loss_per_time": 0.0003102659434080124, "train_accuracy_per_epoch": 0.9975000619888306, "val_accuracy_per_epoch": 0.8369506597518921, "train_accuracy_per_time": 0.9975000619888306, "val_accuracy_per_time": 0.8369506597518921, "_timestamp": 1708190100.8153172, "_runtime": 22.620291233062744, "_step": 27, "num_epochs": 253, "test_loss": 0.0003946342319250107, "test_accuracy": 0.7405555248260498, "_wandb": {"runtime": 20}}