{"time": 20.009191036224365, "train_loss_per_epoch": 2.373288127793265e-05, "val_loss_per_epoch": 0.0005409614741802215, "train_loss_per_time": 2.373288127793265e-05, "val_loss_per_time": 0.0005409614741802215, "train_accuracy_per_epoch": 0.9884722828865051, "val_accuracy_per_epoch": 0.7213553190231323, "train_accuracy_per_time": 0.9884722828865051, "val_accuracy_per_time": 0.7213553190231323, "_timestamp": 1708113829.9427042, "_runtime": 23.25987219810486, "_step": 81, "num_epochs": 797, "test_loss": 0.0004594240089257558, "test_accuracy": 0.7739934921264648, "_wandb": {"runtime": 20}}