{"time": 20.007030248641968, "train_loss_per_epoch": 1.0930521706801041e-07, "val_loss_per_epoch": 0.0003600165496269862, "train_loss_per_time": 1.0930521706801041e-07, "val_loss_per_time": 0.0003600165496269862, "train_accuracy_per_epoch": 1.0000001192092896, "val_accuracy_per_epoch": 0.838553786277771, "train_accuracy_per_time": 1.0000001192092896, "val_accuracy_per_time": 0.838553786277771, "_timestamp": 1708116622.9843953, "_runtime": 22.909281253814697, "_step": 57, "num_epochs": 555, "test_loss": 0.00038135943313439684, "test_accuracy": 0.776262640953064, "_wandb": {"runtime": 20}}