{"time": 20.010133028030396, "train_loss_per_epoch": 4.132530253692883e-06, "val_loss_per_epoch": 0.0004921001195907593, "train_loss_per_time": 4.132530253692883e-06, "val_loss_per_time": 0.0004921001195907593, "train_accuracy_per_epoch": 0.9964286088943481, "val_accuracy_per_epoch": 0.694688618183136, "train_accuracy_per_time": 0.9964286088943481, "val_accuracy_per_time": 0.694688618183136, "_timestamp": 1708188956.287154, "_runtime": 23.133134841918945, "_step": 132, "num_epochs": 1309, "test_loss": 0.0004908612867196401, "test_accuracy": 0.8087301850318909, "_wandb": {"runtime": 20}}