{"num_epochs": 0, "time": 705.0623548030853, "_timestamp": 1711987725.1996427, "_runtime": 756.9218487739563, "_step": 1, "test_loss": 0.000960316260655721, "test_accuracy": 0.09195735305547714, "_wandb": {"runtime": 754}}