{"time": 20.010771989822388, "train_loss_per_epoch": 6.584671858165946e-05, "val_loss_per_epoch": 0.000606892853975296, "train_loss_per_time": 6.584671858165946e-05, "val_loss_per_time": 0.000606892853975296, "train_accuracy_per_epoch": 0.960898220539093, "val_accuracy_per_epoch": 0.6980447173118591, "train_accuracy_per_time": 0.960898220539093, "val_accuracy_per_time": 0.6980447173118591, "_timestamp": 1708117382.0349953, "_runtime": 22.537875413894653, "_step": 72, "num_epochs": 703, "test_loss": 0.0007746291160583497, "test_accuracy": 0.6257901191711426, "_wandb": {"runtime": 20}}