{"time": 20.006306409835815, "train_loss_per_epoch": 7.101121715160324e-06, "val_loss_per_epoch": 0.00028042820592721305, "train_loss_per_time": 7.101121715160324e-06, "val_loss_per_time": 0.00028042820592721305, "train_accuracy_per_epoch": 0.9937500953674316, "val_accuracy_per_epoch": 0.8652684688568115, "train_accuracy_per_time": 0.9937500953674316, "val_accuracy_per_time": 0.8652684688568115, "_timestamp": 1708113006.588693, "_runtime": 22.800790786743164, "_step": 136, "num_epochs": 1348, "test_loss": 0.0002706661820411682, "test_accuracy": 0.899913489818573, "_wandb": {"runtime": 20}}