{"time": 4.633107423782349, "train_loss_per_epoch": 0.00023916061435426986, "val_loss_per_epoch": 0.00042767013112703957, "train_loss_per_time": 0.00023916061435426986, "val_loss_per_time": 0.00042767013112703957, "train_accuracy_per_epoch": 0.9161896705627441, "val_accuracy_per_epoch": 0.8182998299598694, "train_accuracy_per_time": 0.9161896705627441, "val_accuracy_per_time": 0.8182998299598694, "_timestamp": 1707841683.7533538, "_runtime": 7.986160755157471, "_step": 6, "num_epochs": 50, "test_loss": 0.00043592472871144613, "test_accuracy": 0.8174891471862793, "_wandb": {"runtime": 4}}