{"time": 599.6745219230652, "train_loss_per_epoch": 2.8571429263268616e-05, "val_loss_per_epoch": 5.204932888348897e-06, "train_loss_vs_time": 2.8571429263268616e-05, "val_loss_vs_time": 5.204932888348897e-06, "_timestamp": 1706819951.3249362, "_runtime": 602.749174118042, "_step": 1476, "test_loss": 0.0003547476480404536, "num_parameters": 63000, "_wandb": {"runtime": 600}}