{"time": 20.00351119041443, "train_loss_per_epoch": 4.408093373058364e-05, "val_loss_per_epoch": 0.000883656640847524, "train_loss_per_time": 4.408093373058364e-05, "val_loss_per_time": 0.000883656640847524, "train_accuracy_per_epoch": 0.9646153450012207, "val_accuracy_per_epoch": 0.5531760454177856, "train_accuracy_per_time": 0.9646153450012207, "val_accuracy_per_time": 0.5531760454177856, "_timestamp": 1708146007.1451883, "_runtime": 24.476471424102783, "_step": 39, "num_epochs": 376, "test_loss": 0.0008363387982050578, "test_accuracy": 0.6465873122215271, "_wandb": {"runtime": 20}}