{"time": 20.055734634399414, "train_loss_per_epoch": 0.00019139508583715983, "val_loss_per_epoch": 0.0005323989689350129, "train_loss_per_time": 0.00019139508583715983, "val_loss_per_time": 0.0005323989689350129, "train_accuracy_per_epoch": 0.9442681074142456, "val_accuracy_per_epoch": 0.7309854030609131, "train_accuracy_per_time": 0.9442681074142456, "val_accuracy_per_time": 0.7309854030609131, "_timestamp": 1708116557.7440512, "_runtime": 22.60273313522339, "_step": 16, "num_epochs": 141, "test_loss": 0.0005134643614292145, "test_accuracy": 0.7659091353416443, "_wandb": {"runtime": 20}}