{"time": 20.023367166519165, "train_loss_per_epoch": 0.0006997544957058771, "val_loss_per_epoch": 0.0010203174750010172, "train_loss_per_time": 0.0006997544957058771, "val_loss_per_time": 0.0010203174750010172, "train_accuracy_per_epoch": 0.20000000298023224, "val_accuracy_per_epoch": 0.20000000298023224, "train_accuracy_per_time": 0.20000000298023224, "val_accuracy_per_time": 0.20000000298023224, "_timestamp": 1708188762.3348489, "_runtime": 22.7233829498291, "_step": 69, "num_epochs": 678, "test_loss": 0.00092533012231191, "test_accuracy": 0.20000000298023224, "_wandb": {"runtime": 20}}