{"time": 20.023847579956055, "train_loss_per_epoch": 5.495154431888036e-05, "val_loss_per_epoch": 0.0009428746501604716, "train_loss_per_time": 5.495154431888036e-05, "val_loss_per_time": 0.0009428746501604716, "train_accuracy_per_epoch": 0.960063636302948, "val_accuracy_per_epoch": 0.5001262426376343, "train_accuracy_per_time": 0.960063636302948, "val_accuracy_per_time": 0.5001262426376343, "_timestamp": 1708144463.8262713, "_runtime": 23.176032304763794, "_step": 53, "num_epochs": 519, "test_loss": 0.000939438541730245, "test_accuracy": 0.5733802914619446, "_wandb": {"runtime": 20}}