{"time": 20.02497410774231, "train_loss_per_epoch": 7.626725418958813e-06, "val_loss_per_epoch": 0.00027734572688738505, "train_loss_per_time": 7.626725418958813e-06, "val_loss_per_time": 0.00027734572688738505, "train_accuracy_per_epoch": 0.9946023225784302, "val_accuracy_per_epoch": 0.8322221636772156, "train_accuracy_per_time": 0.9946023225784302, "val_accuracy_per_time": 0.8322221636772156, "_timestamp": 1708112627.4029362, "_runtime": 26.054660320281982, "_step": 39, "num_epochs": 380, "test_loss": 0.0002887329210837682, "test_accuracy": 0.8449206948280334, "_wandb": {"runtime": 20}}