{"time": 20.056479454040527, "train_loss_per_epoch": 2.4329802337368684e-07, "val_loss_per_epoch": 0.0004467948277791341, "train_loss_per_time": 2.4329802337368684e-07, "val_loss_per_time": 0.0004467948277791341, "train_accuracy_per_epoch": 1.0000001192092896, "val_accuracy_per_epoch": 0.738003134727478, "train_accuracy_per_time": 1.0000001192092896, "val_accuracy_per_time": 0.738003134727478, "_timestamp": 1708114587.2938623, "_runtime": 22.680411338806152, "_step": 26, "num_epochs": 242, "test_loss": 0.00038683784504731496, "test_accuracy": 0.829444408416748, "_wandb": {"runtime": 20}}