{"time": 599.7903587818146, "train_loss_per_epoch": 1.8897559608424938e-14, "val_loss_per_epoch": 5.029903517829047e-06, "train_loss_vs_time": 1.8897559608424938e-14, "val_loss_vs_time": 5.029903517829047e-06, "_timestamp": 1706745847.9769373, "_runtime": 602.0049843788147, "_step": 585, "test_loss": 0.0003595030059417089, "num_parameters": 315368, "_wandb": {"runtime": 600}}