{"time": 20.00167942047119, "train_loss_per_epoch": 0.0007354149541684559, "val_loss_per_epoch": 0.0012590137124061584, "train_loss_per_time": 0.0007354149541684559, "val_loss_per_time": 0.0012590137124061584, "train_accuracy_per_epoch": 0.20000000298023224, "val_accuracy_per_epoch": 0.20000000298023224, "train_accuracy_per_time": 0.20000000298023224, "val_accuracy_per_time": 0.20000000298023224, "_timestamp": 1708189868.2990963, "_runtime": 22.824658393859863, "_step": 183, "num_epochs": 1818, "test_loss": 0.0012144064903259278, "test_accuracy": 0.20000000298023224, "_wandb": {"runtime": 20}}