{"time": 20.011401414871216, "train_loss_per_epoch": 2.9842402187309095e-05, "val_loss_per_epoch": 0.0005658410489559173, "train_loss_per_time": 2.9842402187309095e-05, "val_loss_per_time": 0.0005658410489559173, "train_accuracy_per_epoch": 0.9780555963516235, "val_accuracy_per_epoch": 0.757326066493988, "train_accuracy_per_time": 0.9780555963516235, "val_accuracy_per_time": 0.757326066493988, "_timestamp": 1708189568.1118045, "_runtime": 22.9717755317688, "_step": 134, "num_epochs": 1324, "test_loss": 0.0006636793414751689, "test_accuracy": 0.6982051730155945, "_wandb": {"runtime": 20}}