{"time": 20.066404819488525, "train_loss_per_epoch": 0.0007807822099753788, "val_loss_per_epoch": 0.0011597211162249247, "train_loss_per_time": 0.0007807822099753788, "val_loss_per_time": 0.0011597211162249247, "train_accuracy_per_epoch": 0.20000000298023224, "val_accuracy_per_epoch": 0.20000000298023224, "train_accuracy_per_time": 0.20000000298023224, "val_accuracy_per_time": 0.20000000298023224, "_timestamp": 1708114936.3526177, "_runtime": 24.465484857559204, "_step": 28, "num_epochs": 267, "test_loss": 0.0011052916447321574, "test_accuracy": 0.1875, "_wandb": {"runtime": 20}}