{"time": 20.02102756500244, "train_loss_per_epoch": 8.40524527510362e-06, "val_loss_per_epoch": 0.00037009991705417634, "train_loss_per_time": 8.40524527510362e-06, "val_loss_per_time": 0.00037009991705417634, "train_accuracy_per_epoch": 1.0000001192092896, "val_accuracy_per_epoch": 0.8032051920890808, "train_accuracy_per_time": 1.0000001192092896, "val_accuracy_per_time": 0.8032051920890808, "_timestamp": 1708115848.6047578, "_runtime": 22.88715386390686, "_step": 20, "num_epochs": 187, "test_loss": 0.0003027511139710744, "test_accuracy": 0.820039689540863, "_wandb": {"runtime": 20}}