{"time": 20.00543236732483, "train_loss_per_epoch": 3.225944861437061e-06, "val_loss_per_epoch": 0.00036266150573889414, "train_loss_per_time": 3.225944861437061e-06, "val_loss_per_time": 0.00036266150573889414, "train_accuracy_per_epoch": 0.9982143640518188, "val_accuracy_per_epoch": 0.833809494972229, "train_accuracy_per_time": 0.9982143640518188, "val_accuracy_per_time": 0.833809494972229, "_timestamp": 1708190423.7853463, "_runtime": 22.977899312973022, "_step": 163, "num_epochs": 1614, "test_loss": 0.0006035338838895162, "test_accuracy": 0.6811435222625732, "_wandb": {"runtime": 20}}