{"time": 20.009426593780518, "train_loss_per_epoch": 5.421344589974199e-05, "val_loss_per_epoch": 0.0009601679444313049, "train_loss_per_time": 5.421344589974199e-05, "val_loss_per_time": 0.0009601679444313049, "train_accuracy_per_epoch": 0.9676231741905212, "val_accuracy_per_epoch": 0.603186845779419, "train_accuracy_per_time": 0.9676231741905212, "val_accuracy_per_time": 0.603186845779419, "_timestamp": 1708188986.6584797, "_runtime": 23.03872561454773, "_step": 136, "num_epochs": 1341, "test_loss": 0.0010892695188522339, "test_accuracy": 0.4986111521720886, "_wandb": {"runtime": 20}}