{"time": 20.015098810195923, "train_loss_per_epoch": 0.0007548579254320689, "val_loss_per_epoch": 0.0012273294727007547, "train_loss_per_time": 0.0007548579254320689, "val_loss_per_time": 0.0012273294727007547, "train_accuracy_per_epoch": 0.20000000298023224, "val_accuracy_per_epoch": 0.1899999976158142, "train_accuracy_per_time": 0.20000000298023224, "val_accuracy_per_time": 0.1899999976158142, "_timestamp": 1708143537.8476932, "_runtime": 22.516096115112305, "_step": 74, "num_epochs": 727, "test_loss": 0.0012782904505729675, "test_accuracy": 0.20000000298023224, "_wandb": {"runtime": 20}}