{"time": 20.061771154403687, "train_loss_per_epoch": 0.0008000575006008148, "val_loss_per_epoch": 0.0010498088598251342, "train_loss_per_time": 0.0008000575006008148, "val_loss_per_time": 0.0010498088598251342, "train_accuracy_per_epoch": 0.3584611713886261, "val_accuracy_per_epoch": 0.33845239877700806, "train_accuracy_per_time": 0.3584611713886261, "val_accuracy_per_time": 0.33845239877700806, "_timestamp": 1708113465.7871447, "_runtime": 22.418776750564575, "_step": 38, "num_epochs": 362, "test_loss": 0.001023885707060496, "test_accuracy": 0.2755555510520935, "_wandb": {"runtime": 20}}