{"time": 20.003220319747925, "train_loss_per_epoch": 3.3896444365382193e-05, "val_loss_per_epoch": 0.00044717734058698016, "train_loss_per_time": 3.3896444365382193e-05, "val_loss_per_time": 0.00044717734058698016, "train_accuracy_per_epoch": 0.9756697416305542, "val_accuracy_per_epoch": 0.7710210084915161, "train_accuracy_per_time": 0.9756697416305542, "val_accuracy_per_time": 0.7710210084915161, "_timestamp": 1708117176.9119978, "_runtime": 22.425841808319092, "_step": 101, "num_epochs": 996, "test_loss": 0.0005477708081404368, "test_accuracy": 0.7211905717849731, "_wandb": {"runtime": 20}}