{"time": 301.2103536128998, "train_loss_per_epoch": 2.4837038446483867e-05, "val_loss_per_epoch": 0.0018664517005284628, "train_loss_per_time": 2.4837038446483867e-05, "val_loss_per_time": 0.0018664517005284628, "train_accuracy_per_epoch": 0.9891428351402283, "val_accuracy_per_epoch": 0.08389429748058319, "train_accuracy_per_time": 0.9891428351402283, "val_accuracy_per_time": 0.08389429748058319, "_timestamp": 1708208459.1423373, "_runtime": 304.36401534080505, "_step": 14, "num_epochs": 125, "test_loss": 0.001752586414416631, "test_accuracy": 0.14027327299118042, "_wandb": {"runtime": 301}}