{"time": 2.7920048236846924, "train_loss_per_epoch": 0.0004722163826227188, "val_loss_per_epoch": 0.0007968954741954803, "train_loss_per_time": 0.0004722163826227188, "val_loss_per_time": 0.0007968954741954803, "train_accuracy_per_epoch": 0.666968584060669, "val_accuracy_per_epoch": 0.5050824284553528, "train_accuracy_per_time": 0.666968584060669, "val_accuracy_per_time": 0.5050824284553528, "_timestamp": 1707841740.9313328, "_runtime": 5.726258754730225, "_step": 6, "num_epochs": 50, "test_loss": 0.000727947602669398, "test_accuracy": 0.5801514983177185, "_wandb": {"runtime": 3}}