{"time": 20.069591999053955, "train_loss_per_epoch": 3.695347362996212e-06, "val_loss_per_epoch": 0.0003380703181028366, "train_loss_per_time": 3.695347362996212e-06, "val_loss_per_time": 0.0003380703181028366, "train_accuracy_per_epoch": 1.0000001192092896, "val_accuracy_per_epoch": 0.7439285516738892, "train_accuracy_per_time": 1.0000001192092896, "val_accuracy_per_time": 0.7439285516738892, "_timestamp": 1708112342.1673653, "_runtime": 23.861173391342163, "_step": 21, "num_epochs": 200, "test_loss": 0.00045498043298721315, "test_accuracy": 0.7718326449394226, "_wandb": {"runtime": 20}}