{"time": 20.0256609916687, "train_loss_per_epoch": 0.00037193215851272855, "val_loss_per_epoch": 0.000756475031375885, "train_loss_per_time": 0.00037193215851272855, "val_loss_per_time": 0.000756475031375885, "train_accuracy_per_epoch": 0.7705622315406799, "val_accuracy_per_epoch": 0.6602747440338135, "train_accuracy_per_time": 0.7705622315406799, "val_accuracy_per_time": 0.6602747440338135, "_timestamp": 1708188804.583678, "_runtime": 21.73257803916931, "_step": 42, "num_epochs": 409, "test_loss": 0.0007853790124257406, "test_accuracy": 0.5806746482849121, "_wandb": {"runtime": 20}}