{"time": 2.880998134613037, "train_loss_per_epoch": 0.00023202862590551376, "val_loss_per_epoch": 0.00036801631251970926, "train_loss_per_time": 0.00023202862590551376, "val_loss_per_time": 0.00036801631251970926, "train_accuracy_per_epoch": 0.8991230726242065, "val_accuracy_per_epoch": 0.7720696330070496, "train_accuracy_per_time": 0.8991230726242065, "val_accuracy_per_time": 0.7720696330070496, "_timestamp": 1707841666.4397497, "_runtime": 5.901287794113159, "_step": 6, "num_epochs": 50, "test_loss": 0.00046716079115867616, "test_accuracy": 0.7540367841720581, "_wandb": {"runtime": 3}}