{"time": 20.084280967712402, "train_loss_per_epoch": 0.00018587566646082062, "val_loss_per_epoch": 0.0004425416390101115, "train_loss_per_time": 0.00018587566646082062, "val_loss_per_time": 0.0004425416390101115, "train_accuracy_per_epoch": 0.9014325737953186, "val_accuracy_per_epoch": 0.7542315721511841, "train_accuracy_per_time": 0.9014325737953186, "val_accuracy_per_time": 0.7542315721511841, "_timestamp": 1708189708.2602015, "_runtime": 23.751824378967285, "_step": 19, "num_epochs": 174, "test_loss": 0.0004500125348567963, "test_accuracy": 0.7318651080131531, "_wandb": {"runtime": 20}}