{"time": 20.108372449874878, "train_loss_per_epoch": 7.928643130331433e-06, "val_loss_per_epoch": 0.0003886325657367706, "train_loss_per_time": 7.928643130331433e-06, "val_loss_per_time": 0.0003886325657367706, "train_accuracy_per_epoch": 0.9944445490837097, "val_accuracy_per_epoch": 0.7933332920074463, "train_accuracy_per_time": 0.9944445490837097, "val_accuracy_per_time": 0.7933332920074463, "_timestamp": 1708116052.42369, "_runtime": 22.759159088134766, "_step": 25, "num_epochs": 235, "test_loss": 0.00021165614326794943, "test_accuracy": 0.9185246229171753, "_wandb": {"runtime": 20}}