{"time": 20.02264666557312, "train_loss_per_epoch": 2.737570254664336e-05, "val_loss_per_epoch": 0.0004622199634710948, "train_loss_per_time": 2.737570254664336e-05, "val_loss_per_time": 0.0004622199634710948, "train_accuracy_per_epoch": 1.0000001192092896, "val_accuracy_per_epoch": 0.7549819350242615, "train_accuracy_per_time": 1.0000001192092896, "val_accuracy_per_time": 0.7549819350242615, "_timestamp": 1708191598.522627, "_runtime": 22.593966007232666, "_step": 24, "num_epochs": 228, "test_loss": 0.00045591801404953, "test_accuracy": 0.8384740948677063, "_wandb": {"runtime": 20}}