{"time": 20.00129747390747, "train_loss_per_epoch": 1.4947339163232494e-08, "val_loss_per_epoch": 0.0004173774520556132, "train_loss_per_time": 1.4947339163232494e-08, "val_loss_per_time": 0.0004173774520556132, "train_accuracy_per_epoch": 1.0000001192092896, "val_accuracy_per_epoch": 0.7778174877166748, "train_accuracy_per_time": 1.0000001192092896, "val_accuracy_per_time": 0.7778174877166748, "_timestamp": 1708191930.5312378, "_runtime": 22.569145917892456, "_step": 127, "num_epochs": 1252, "test_loss": 0.0004240737855434418, "test_accuracy": 0.7723931670188904, "_wandb": {"runtime": 20}}