{"time": 20.089553117752075, "train_loss_per_epoch": 5.827195376956037e-06, "val_loss_per_epoch": 0.0003414331128199895, "train_loss_per_time": 5.827195376956037e-06, "val_loss_per_time": 0.0003414331128199895, "train_accuracy_per_epoch": 0.9964286088943481, "val_accuracy_per_epoch": 0.8366667032241821, "train_accuracy_per_time": 0.9964286088943481, "val_accuracy_per_time": 0.8366667032241821, "_timestamp": 1708111415.1404579, "_runtime": 23.033467769622803, "_step": 24, "num_epochs": 222, "test_loss": 0.00036449554065863293, "test_accuracy": 0.8490800857543945, "_wandb": {"runtime": 20}}