{"time": 20.020387172698975, "train_loss_per_epoch": 1.590054256926773e-05, "val_loss_per_epoch": 0.0004364580909411112, "train_loss_per_time": 1.590054256926773e-05, "val_loss_per_time": 0.0004364580909411112, "train_accuracy_per_epoch": 0.988560676574707, "val_accuracy_per_epoch": 0.8085775375366211, "train_accuracy_per_time": 0.988560676574707, "val_accuracy_per_time": 0.8085775375366211, "_timestamp": 1708189629.8023841, "_runtime": 21.90831708908081, "_step": 62, "num_epochs": 607, "test_loss": 0.0005246706306934357, "test_accuracy": 0.682551920413971, "_wandb": {"runtime": 20}}