{"time": 20.043951749801636, "train_loss_per_epoch": 1.0406602715582787e-05, "val_loss_per_epoch": 0.0006388023495674134, "train_loss_per_time": 1.0406602715582787e-05, "val_loss_per_time": 0.0006388023495674134, "train_accuracy_per_epoch": 0.9915972948074341, "val_accuracy_per_epoch": 0.7177778482437134, "train_accuracy_per_time": 0.9915972948074341, "val_accuracy_per_time": 0.7177778482437134, "_timestamp": 1708189183.5924351, "_runtime": 22.743709087371826, "_step": 59, "num_epochs": 574, "test_loss": 0.00023218085368474325, "test_accuracy": 0.8852381110191345, "_wandb": {"runtime": 20}}