{"time": 20.00624108314514, "train_loss_per_epoch": 2.0134877688958244e-08, "val_loss_per_epoch": 0.0003369084745645523, "train_loss_per_time": 2.0134877688958244e-08, "val_loss_per_time": 0.0003369084745645523, "train_accuracy_per_epoch": 1.0000001192092896, "val_accuracy_per_epoch": 0.8513095378875732, "train_accuracy_per_time": 1.0000001192092896, "val_accuracy_per_time": 0.8513095378875732, "_timestamp": 1708101476.1110735, "_runtime": 23.431798458099365, "_step": 103, "num_epochs": 1018, "test_loss": 0.00029627266029516857, "test_accuracy": 0.8666666150093079, "_wandb": {"runtime": 20}}