{"time": 20.08857297897339, "train_loss_per_epoch": 0.0001757292609129633, "val_loss_per_epoch": 0.001016708811124166, "train_loss_per_time": 0.0001757292609129633, "val_loss_per_time": 0.001016708811124166, "train_accuracy_per_epoch": 0.9243065714836121, "val_accuracy_per_epoch": 0.5119913816452026, "train_accuracy_per_time": 0.9243065714836121, "val_accuracy_per_time": 0.5119913816452026, "_timestamp": 1708110308.2487168, "_runtime": 22.795629739761353, "_step": 26, "num_epochs": 245, "test_loss": 0.0012610990802447, "test_accuracy": 0.42858365178108215, "_wandb": {"runtime": 20}}