{"time": 8.778650045394897, "train_loss_per_epoch": 0.0004409641878945487, "val_loss_per_epoch": 0.0006142184635003408, "train_loss_per_time": 0.0004409641878945487, "val_loss_per_time": 0.0006142184635003408, "train_accuracy_per_epoch": 0.8181926012039185, "val_accuracy_per_epoch": 0.7444444894790649, "train_accuracy_per_time": 0.8181926012039185, "val_accuracy_per_time": 0.7444444894790649, "_timestamp": 1707841637.1875207, "_runtime": 11.306192636489868, "_step": 6, "num_epochs": 50, "test_loss": 0.000635080486536026, "test_accuracy": 0.7093505859375, "_wandb": {"runtime": 9}}