{"time": 20.00898289680481, "train_loss_per_epoch": 2.2951371502131224e-05, "val_loss_per_epoch": 0.0003850992520650228, "train_loss_per_time": 2.2951371502131224e-05, "val_loss_per_time": 0.0003850992520650228, "train_accuracy_per_epoch": 0.9972223043441772, "val_accuracy_per_epoch": 0.8277778029441833, "train_accuracy_per_time": 0.9972223043441772, "val_accuracy_per_time": 0.8277778029441833, "_timestamp": 1708112755.4657488, "_runtime": 22.632542848587036, "_step": 26, "num_epochs": 249, "test_loss": 0.0004746997853120168, "test_accuracy": 0.7435714602470398, "_wandb": {"runtime": 20}}