{"time": 20.015201807022095, "train_loss_per_epoch": 4.504337909955731e-05, "val_loss_per_epoch": 0.0010637785991032917, "train_loss_per_time": 4.504337909955731e-05, "val_loss_per_time": 0.0010637785991032917, "train_accuracy_per_epoch": 0.9668573141098022, "val_accuracy_per_epoch": 0.5094444155693054, "train_accuracy_per_time": 0.9668573141098022, "val_accuracy_per_time": 0.5094444155693054, "_timestamp": 1708117072.2995064, "_runtime": 22.48212432861328, "_step": 74, "num_epochs": 729, "test_loss": 0.0011577473084131878, "test_accuracy": 0.5127272605895996, "_wandb": {"runtime": 20}}