{"time": 20.087801933288574, "train_loss_per_epoch": 5.40039294199752e-06, "val_loss_per_epoch": 0.0004028338938951492, "train_loss_per_time": 5.40039294199752e-06, "val_loss_per_time": 0.0004028338938951492, "train_accuracy_per_epoch": 0.9980770349502563, "val_accuracy_per_epoch": 0.7716666460037231, "train_accuracy_per_time": 0.9980770349502563, "val_accuracy_per_time": 0.7716666460037231, "_timestamp": 1708187937.4521487, "_runtime": 24.906071662902832, "_step": 21, "num_epochs": 199, "test_loss": 0.00026763332386811573, "test_accuracy": 0.847777783870697, "_wandb": {"runtime": 20}}