{"time": 20.019752502441406, "train_loss_per_epoch": 9.805900162973558e-09, "val_loss_per_epoch": 0.00039633281528949737, "train_loss_per_time": 9.805900162973558e-09, "val_loss_per_time": 0.00039633281528949737, "train_accuracy_per_epoch": 1.0000001192092896, "val_accuracy_per_epoch": 0.8091558218002319, "train_accuracy_per_time": 1.0000001192092896, "val_accuracy_per_time": 0.8091558218002319, "_timestamp": 1708144976.4967487, "_runtime": 22.15172576904297, "_step": 142, "num_epochs": 1402, "test_loss": 0.0003345562020937602, "test_accuracy": 0.7709848880767822, "_wandb": {"runtime": 20}}