{"time": 20.003767490386963, "train_loss_per_epoch": 0.0006875324675015041, "val_loss_per_epoch": 0.001089060604572296, "train_loss_per_time": 0.0006875324675015041, "val_loss_per_time": 0.001089060604572296, "train_accuracy_per_epoch": 0.20000000298023224, "val_accuracy_per_epoch": 0.20000000298023224, "train_accuracy_per_time": 0.20000000298023224, "val_accuracy_per_time": 0.20000000298023224, "_timestamp": 1708191660.6010158, "_runtime": 22.58107590675354, "_step": 152, "num_epochs": 1506, "test_loss": 0.0010033820072809854, "test_accuracy": 0.20000000298023224, "_wandb": {"runtime": 20}}