{"time": 20.002223253250122, "train_loss_per_epoch": 3.94192457731281e-05, "val_loss_per_epoch": 0.0006355709334214529, "train_loss_per_time": 3.94192457731281e-05, "val_loss_per_time": 0.0006355709334214529, "train_accuracy_per_epoch": 0.981271505355835, "val_accuracy_per_epoch": 0.6614393591880798, "train_accuracy_per_time": 0.981271505355835, "val_accuracy_per_time": 0.6614393591880798, "_timestamp": 1708144262.5647151, "_runtime": 23.148171186447144, "_step": 69, "num_epochs": 676, "test_loss": 0.0005986348291238149, "test_accuracy": 0.7244733572006226, "_wandb": {"runtime": 20}}