{"time": 20.127835035324097, "train_loss_per_epoch": 0.00020119152697069305, "val_loss_per_epoch": 0.009419819712638855, "train_loss_per_time": 0.00020119152697069305, "val_loss_per_time": 0.009419819712638855, "train_accuracy_per_epoch": 0.9857143759727478, "val_accuracy_per_epoch": 0.05000000074505806, "train_accuracy_per_time": 0.9857143759727478, "val_accuracy_per_time": 0.05000000074505806, "_timestamp": 1708205715.784712, "_runtime": 22.78134298324585, "_step": 16, "num_epochs": 142, "test_loss": 0.008517319957415262, "test_accuracy": 0.05000000074505806, "_wandb": {"runtime": 20}}