{"time": 20.09976363182068, "train_loss_per_epoch": 0.00028309217521122523, "val_loss_per_epoch": 0.0005599906543890636, "train_loss_per_time": 0.00028309217521122523, "val_loss_per_time": 0.0005599906543890636, "train_accuracy_per_epoch": 0.8963826298713684, "val_accuracy_per_epoch": 0.725577175617218, "train_accuracy_per_time": 0.8963826298713684, "val_accuracy_per_time": 0.725577175617218, "_timestamp": 1708145150.4431155, "_runtime": 23.122721433639526, "_step": 13, "num_epochs": 119, "test_loss": 0.0004991369942824046, "test_accuracy": 0.8187987208366394, "_wandb": {"runtime": 20}}