{"time": 20.021047830581665, "train_loss_per_epoch": 2.201737074106599e-05, "val_loss_per_epoch": 0.0005540115137894949, "train_loss_per_time": 2.201737074106599e-05, "val_loss_per_time": 0.0005540115137894949, "train_accuracy_per_epoch": 0.9838324785232544, "val_accuracy_per_epoch": 0.7752747535705566, "train_accuracy_per_time": 0.9838324785232544, "val_accuracy_per_time": 0.7752747535705566, "_timestamp": 1708144770.1402762, "_runtime": 23.184924125671387, "_step": 47, "num_epochs": 453, "test_loss": 0.000575413058201472, "test_accuracy": 0.7016991376876831, "_wandb": {"runtime": 20}}