{"time": 20.024863719940186, "train_loss_per_epoch": 3.2068111800721715e-05, "val_loss_per_epoch": 0.0007645771404107412, "train_loss_per_time": 3.2068111800721715e-05, "val_loss_per_time": 0.0007645771404107412, "train_accuracy_per_epoch": 0.9877198934555054, "val_accuracy_per_epoch": 0.6529545187950134, "train_accuracy_per_time": 0.9877198934555054, "val_accuracy_per_time": 0.6529545187950134, "_timestamp": 1708143788.7582898, "_runtime": 22.618515729904175, "_step": 27, "num_epochs": 258, "test_loss": 0.0009157151977221171, "test_accuracy": 0.5028030276298523, "_wandb": {"runtime": 20}}