{"time": 20.101566791534424, "train_loss_per_epoch": 0.0003217311576008797, "val_loss_per_epoch": 0.0006018127997716268, "train_loss_per_time": 0.0003217311576008797, "val_loss_per_time": 0.0006018127997716268, "train_accuracy_per_epoch": 0.8432170152664185, "val_accuracy_per_epoch": 0.7188383340835571, "train_accuracy_per_time": 0.8432170152664185, "val_accuracy_per_time": 0.7188383340835571, "_timestamp": 1708111611.6725779, "_runtime": 22.592339754104614, "_step": 18, "num_epochs": 169, "test_loss": 0.0003388991951942444, "test_accuracy": 0.8107168078422546, "_wandb": {"runtime": 20}}